#{"t_start": 1729553081.504801, "env_id": "None"}
r,l,t
0.053979,3,0.216767
-0.150381,2,0.279007
-0.191831,2,0.34345
-0.5,1,0.402846
-0.174787,2,0.464728
0.106212,3,1.062449
-0.162241,2,1.131419
-0.5,1,1.198338
0.52726,4,1.268198
-0.174549,2,1.337979
-0.5,1,1.404217
-0.178915,2,1.474195
1.917939,8,1.557805
-0.056749,3,1.630457
-0.138661,2,1.703413
0.106267,3,1.777707
0.365602,4,1.852858
0.110379,3,1.926945
0.421499,4,2.000375
0.810106,5,2.071405
0.760504,5,2.142471
-0.5,1,2.205148
-0.5,1,2.266943
-0.175899,2,2.330422
-0.5,1,2.392089
0.412039,4,2.462352
-0.5,1,2.524943
1.425554,7,2.599506
-0.5,1,2.661223
-0.5,1,2.722826
-0.158276,2,2.78739
-0.5,1,2.85065
0.729387,5,2.92102
0.133743,3,2.990163
-0.5,1,3.051438
-0.5,1,3.112702
-0.5,1,3.174948
0.495068,4,3.244328
-0.5,1,3.305733
0.398726,4,3.374033
0.407934,4,3.441709
0.907459,6,3.514579
1.746641,8,3.591623
-0.5,1,3.65439
-0.5,1,3.7158
0.152508,3,3.783014
1.610673,7,3.858066
-0.5,1,3.927994
1.292258,6,4.009388
1.853175,8,4.095438
0.950259,6,4.176398
1.813078,9,4.257822
-0.5,1,4.328222
3.068356,12,4.42736
-0.191254,2,4.495726
-0.5,1,4.559456
-0.194971,2,4.623864
0.180642,3,4.692449
-0.5,1,4.755702
-0.5,1,4.8191
-0.18094,2,4.88567
0.880581,5,4.956592
0.825889,5,5.027231
-0.5,1,5.090371
0.18675,3,5.15796
0.829975,5,5.234189
0.512805,4,5.3094
-0.5,1,5.376486
-0.5,1,5.44359
0.44922,4,5.514141
-0.5,1,5.576553
-0.5,1,5.638432
-0.5,1,5.700986
0.427978,4,5.76975
-0.5,1,5.831753
-0.5,1,5.894547
0.535568,4,5.963115
-0.5,1,6.025701
-0.5,1,6.087585
-0.5,1,6.148526
1.871835,8,6.225071
-0.5,1,6.287696
0.902482,6,6.360578
-0.176991,2,6.425505
-0.5,1,6.487298
1.85188,8,6.565189
-0.19691,2,6.629526
0.341566,4,6.698032
-0.192845,2,6.76282
0.750631,5,6.833469
-0.5,1,6.895941
-0.166121,2,6.960268
-0.5,1,7.022864
1.14161,6,7.096076
-0.15674,2,7.161537
-0.5,1,7.223671
-0.149788,2,7.288248
-0.165889,2,7.352941
-0.162159,2,7.416605
2.397427,9,7.495516
-0.207417,2,7.560159
0.473919,4,7.632635
-0.5,1,7.703813
-0.153999,2,7.776426
0.103984,3,7.847032
-0.148127,2,7.915019
-0.5,1,7.977577
0.074983,3,8.047072
0.142931,3,8.116448
0.109551,3,8.184154
2.630673,10,8.265899
-0.179787,2,8.33191
0.847502,5,8.404818
-0.5,1,8.467714
-0.5,1,8.535559
-0.138474,2,8.605521
-0.5,1,8.671378
-0.5,1,8.738501
-0.5,1,8.805472
0.478403,4,8.87753
-0.5,1,8.940267
0.488613,4,9.010017
-0.5,1,9.071975
1.453677,7,9.145935
1.710234,8,9.222874
-0.5,1,9.285079
2.445443,10,9.36654
-0.5,1,9.428779
-0.5,1,9.491147
2.743232,11,9.575203
-0.5,1,9.636841
0.408445,4,9.706195
-0.202564,2,9.771378
0.157205,3,9.837975
-0.5,1,9.899329
-0.142876,3,9.966891
-0.5,1,10.030541
-0.5,1,10.093211
-0.160423,2,10.157378
-0.169259,2,10.221094
-0.5,1,10.28314
-0.5,1,10.345374
-0.5,1,10.407338
0.865683,5,10.47964
0.924422,5,10.550956
0.478467,4,10.619145
0.111824,3,10.687927
0.113513,3,10.75407
-0.197059,2,10.817683
-0.5,1,10.878536
0.062849,3,10.944966
-0.152042,2,11.010062
-0.15535,2,11.07579
-0.188689,2,11.139185
0.176555,3,11.205914
-0.5,1,11.267534
-0.159134,2,11.330397
-0.190754,2,11.394005
0.126953,3,11.460426
-0.172202,2,11.526705
0.368043,4,11.59579
-0.5,1,11.657783
0.118409,3,11.725192
0.151592,3,11.791387
0.165602,3,11.857517
-0.5,1,11.919184
-0.5,1,11.981941
0.561459,4,12.050205
-0.5,1,12.112837
1.91135,8,12.189206
-0.5,1,12.25208
-0.5,1,12.31445
1.150137,6,12.38795
-0.164848,2,12.453654
1.604409,8,12.53134
-0.011755,3,12.598275
-0.185244,2,12.662115
0.368955,4,12.729559
0.499734,4,12.798372
-0.5,1,12.859968
-0.175428,2,12.925399
0.118695,3,12.990977
0.678394,5,13.061381
-0.5,1,13.123233
-0.5,1,13.185747
-0.149607,2,13.249439
-0.5,1,13.310557
-0.5,1,13.371663
-0.5,1,13.433085
-0.5,1,13.494961
-0.5,1,13.558989
0.466256,4,13.628194
-0.5,1,13.689857
-0.5,1,13.751324
-0.5,1,13.813459
-0.195467,2,13.877836
-0.5,1,13.939978
-0.192002,2,14.004515
-0.5,1,14.067354
-0.188385,2,14.131516
1.609029,7,14.205882
-0.5,1,14.267887
-0.5,1,14.329022
-0.5,1,14.389538
-0.5,1,14.452317
0.503274,4,14.520832
0.196984,3,14.586841
-0.146778,2,14.651238
-0.5,1,14.712722
-0.5,1,14.775232
-0.5,1,14.837431
0.723336,6,14.909959
0.470073,4,14.980402
-0.5,1,15.042548
1.507999,7,15.116474
-0.5,1,15.179013
0.050277,3,15.245336
0.128306,3,15.311094
-0.5,1,15.372616
-0.153365,2,15.436652
-0.172631,2,15.501352
-0.5,1,15.564399
-0.5,1,15.626106
0.753194,5,15.696132
-0.21286,2,15.76164
-0.5,1,15.822856
-0.5,1,15.884096
-0.5,1,15.945243
-0.191575,2,16.009187
-0.152669,2,16.074411
1.198492,6,16.146319
-0.5,1,16.209244
-0.5,1,16.27034
-0.204464,2,16.333779
0.849593,5,16.403729
-0.159255,2,16.468764
0.39774,4,16.536287
-0.5,1,16.599127
-0.158153,2,16.663773
3.095153,12,16.748988
-0.5,1,16.81152
-0.17968,2,16.875765
0.547373,4,16.943136
0.54751,4,17.01189
-0.5,1,17.075284
0.177153,3,17.142097
0.506436,4,17.210033
-0.156111,2,17.275095
0.43632,4,17.344955
-0.5,1,17.406737
0.152867,3,17.473426
-0.5,1,17.535155
-0.5,1,17.59733
1.606268,7,17.671041
0.687384,5,17.741469
-0.5,1,17.804265
0.461825,4,17.871326
0.213047,3,17.94224
2.746011,11,18.051339
-0.5,1,18.1293
-0.5,1,18.195394
-0.5,1,18.261496
1.619424,7,18.341087
0.218944,3,18.411471
0.455432,4,18.48735
-0.190614,2,18.558762
-0.5,1,18.64956
-0.5,1,18.719112
0.504305,4,18.795798
-0.5,1,18.861296
-0.169707,2,18.941724
0.987149,6,19.020886
0.700184,5,19.099464
-0.5,1,19.162583
-0.5,1,19.224484
-0.20584,2,19.287876
3.321053,12,19.378513
2.266789,9,19.459974
1.447503,7,19.535527
0.125001,3,19.604955
-0.178196,2,19.671005
-0.208296,2,19.736484
-0.5,1,19.799528
-0.173211,2,19.863096
-0.5,1,19.926561
-0.5,1,20.002984
-0.5,1,20.06736
-0.185936,2,20.131308
0.134311,3,20.197346
-0.5,1,20.266805
0.143143,3,20.357098
0.152,3,20.427239
-0.175957,2,20.494072
0.822266,6,20.583882
-0.5,1,20.656196
0.398576,4,20.731496
-0.186119,2,20.834003
1.156818,6,20.91113
-0.5,1,20.979863
-0.183588,2,21.044675
-0.139898,2,21.10938
-0.5,1,21.172101
-0.5,1,21.23406
-0.5,1,21.318686
1.634371,7,21.423246
-0.176106,2,21.497438
-0.157956,2,21.571228
-0.5,1,21.641988
-0.5,1,21.709182
0.217813,3,21.780802
-0.5,1,21.857439
0.407329,4,21.948945
-0.5,1,22.012914
0.13878,3,22.080084
-0.176074,2,22.14646
-0.170639,2,22.219745
0.418334,4,22.299054
-0.5,1,22.366316
-0.5,1,22.428019
-0.5,1,22.490835
-0.5,1,22.554272
-0.5,1,22.616234
1.150774,6,22.690727
0.221867,3,22.759955
1.223868,6,22.83548
0.503168,4,22.903878
-0.205967,2,22.968454
-0.159345,2,23.032282
-0.188828,2,23.096794
-0.5,1,23.161361
-0.5,1,23.226882
-0.5,1,23.296013
0.509418,4,23.365534
-0.5,1,23.427697
0.119658,3,23.495088
-0.5,1,23.558449
0.128445,3,23.631624
0.009794,3,23.703703
0.450254,4,23.774142
-0.5,1,23.839185
0.171796,3,23.904548
-0.170747,2,23.969364
-0.198962,2,24.034217
-0.17611,2,24.098243
-0.187634,2,24.161974
-0.5,1,24.223573
-0.179099,2,24.292544
0.177307,3,24.359217
-0.5,1,24.424197
-0.5,1,24.486636
0.97995,6,24.562444
-0.180807,2,24.628325
0.388168,4,24.696672
-0.5,1,24.759815
-0.182841,2,24.830634
0.167542,3,24.89986
1.153315,6,24.978696
0.547546,4,25.048594
0.893909,5,25.120494
0.811138,5,25.194093
0.177321,3,25.264312
-0.5,1,25.328545
-0.172594,2,25.393377
0.745006,5,25.47391
1.381609,7,25.55481
-0.180891,2,25.621107
-0.156695,2,25.685609
-0.5,1,25.751827
-0.5,1,25.820635
-0.173446,2,25.887458
-0.5,1,25.950227
0.038628,3,26.021968
0.788206,5,26.103866
-0.16208,2,26.17653
-0.5,1,26.24184
-0.5,1,26.309255
-0.5,1,26.38015
-0.5,1,26.444858
3.078649,12,26.533235
-0.5,1,26.601597
-0.162294,2,26.675069
-0.5,1,26.740562
-0.5,1,26.803757
-0.190594,2,26.874838
-0.187976,2,26.944904
-0.1583,2,27.013754
0.772433,5,27.085505
0.12922,3,27.156556
-0.173451,2,27.229367
-0.5,1,27.295562
-0.176871,2,27.359971
0.173483,3,27.429656
0.170031,3,27.499251
1.193626,6,27.57442
-0.5,1,27.638481
-0.184891,2,27.707171
-0.173811,2,27.775483
-0.5,1,27.848024
-0.5,1,27.911904
0.163785,3,27.979041
-0.5,1,28.045737
-0.5,1,28.109569
-0.5,1,28.174991
1.398144,7,28.252147
0.543792,4,28.325386
0.15443,3,28.398571
0.183633,3,28.469259
-0.179921,2,28.535298
0.19803,3,28.601256
-0.5,1,28.664959
0.942945,5,28.740411
-0.001368,3,28.808685
0.542401,4,28.879354
-0.184882,2,28.945141
0.728392,5,29.017741
-0.5,1,29.080743
1.594124,7,29.154716
0.129258,3,29.221237
-0.5,1,29.282031
-0.152304,2,29.347744
-0.180324,2,29.412757
-0.190156,2,29.476455
0.110493,3,29.542004
0.705126,5,29.612542
-0.217991,2,29.676568
0.164736,3,29.742092
-0.5,1,29.803453
-0.5,1,29.864835
-0.166942,2,29.928445
-0.5,1,29.989257
-0.17397,2,30.05456
-0.213317,2,30.118664
-0.193971,2,30.181957
0.856873,5,30.252393
-0.210657,2,30.316472
0.137667,3,30.381285
-0.5,1,30.442281
0.863864,5,30.511266
-0.162588,2,30.576295
-0.204308,2,30.640471
-0.177933,2,30.704414
0.12342,3,30.772019
0.154249,3,30.84211
0.085744,3,30.91504
-0.168826,2,30.98517
0.702302,5,31.057998
0.183461,3,31.124614
-0.5,1,31.185624
-0.5,1,31.247125
0.16163,3,31.31475
-0.5,1,31.37783
0.758393,5,31.449005
-0.5,1,31.511575
1.175543,6,31.583773
-0.5,1,31.64607
-0.162618,2,31.709326
-0.190044,2,31.774363
0.197629,3,31.841842
-0.5,1,31.903007
-0.5,1,31.96512
-0.5,1,32.026429
-0.5,1,32.087863
-0.5,1,32.148612
0.485098,4,32.216105
-0.159715,2,32.279266
-0.5,1,32.340803
-0.5,1,32.402124
-0.168709,2,32.466218
-0.021418,3,32.53696
-0.5,1,32.600894
-0.5,1,32.663749
-0.5,1,32.726485
-0.5,1,32.789089
-0.5,1,32.859663
-0.214198,2,32.932971
-0.5,1,33.002338
0.523516,4,33.072883
-0.5,1,33.136056
-0.5,1,33.197626
-0.164197,2,33.261773
0.338573,4,33.331909
0.416022,4,33.401125
-0.5,1,33.469405
0.793952,5,33.545256
0.49149,4,33.620876
-0.5,1,33.683061
-0.189351,2,33.747347
1.078708,6,33.819424
0.143932,3,33.886806
1.045176,6,33.964631
-0.5,1,34.037105
-0.5,1,34.105404
0.87107,5,34.179959
0.208775,3,34.247989
1.276562,6,34.330956
-0.5,1,34.404227
2.473352,10,34.492149
0.718961,5,34.5638
-0.204398,2,34.637561
-0.126127,3,34.712573
0.618534,5,34.792455
-0.153153,2,34.858495
-0.5,1,34.930704
-0.193693,2,35.012495
0.744987,5,35.107693
0.470837,4,35.199737
0.869392,5,35.289861
0.174886,3,35.360945
-0.5,1,35.423479
0.158753,3,35.493256
0.075476,3,35.564903
-0.5,1,35.63398
2.749118,10,35.727539
-0.5,1,35.790851
0.793036,5,35.860417
-0.5,1,35.924774
-0.5,1,35.989663
-0.160114,2,36.057855
-0.5,1,36.128367
-0.158753,2,36.196475
-0.178047,2,36.266585
-0.178759,2,36.336614
-0.155896,2,36.402321
-0.191157,2,36.468442
-0.191024,2,36.535497
-0.5,1,36.597832
-0.5,1,36.660476
-0.5,1,36.724252
0.154556,3,36.796096
-0.185354,2,36.863569
0.149637,3,36.93888
-0.181622,2,37.007548
0.638229,5,37.08139
-0.5,1,37.146223
-0.181184,2,37.210123
0.16239,3,37.276693
0.471106,4,37.344183
-0.5,1,37.405512
0.161044,3,37.472104
-0.152268,2,37.536346
-0.5,1,37.600873
0.128893,3,37.670228
-0.5,1,37.733782
0.166339,3,37.802186
-0.167913,2,37.866052
-0.5,1,37.927976
-0.182237,2,37.993058
0.146344,3,38.060913
-0.5,1,38.121913
0.180561,3,38.187253
-0.5,1,38.249946
-0.5,1,38.315362
-0.159471,2,38.381945
-0.199675,2,38.447742
2.179278,9,38.526358
-0.301242,2,38.592089
-0.5,1,38.654322
-0.167419,2,38.718522
0.375488,4,38.788516
-0.5,1,38.851743
1.312267,6,38.953651
1.81641,8,39.06868
-0.5,1,39.159468
0.432521,4,39.25277
0.123562,3,39.351989
1.054958,6,39.469348
0.116773,3,39.58473
0.107157,3,39.677726
1.294421,7,39.75764
-0.5,1,39.81991
0.181908,3,39.886738
-0.5,1,39.94946
1.083965,6,40.02335
-0.183563,2,40.091855
-0.200311,2,40.156157
0.013743,3,40.223369
0.198662,3,40.301547
-0.5,1,40.372819
0.351889,4,40.451145
-0.187807,2,40.522722
0.112863,3,40.592314
1.536523,7,40.670264
-0.5,1,40.736044
0.172813,3,40.804645
-0.5,1,40.871041
-0.5,1,40.935355
-0.222305,2,41.001529
-0.5,1,41.064869
-0.5,1,41.128296
-0.5,1,41.190588
0.475775,4,41.260651
0.160697,3,41.327678
-0.181378,2,41.391613
1.516259,7,41.465963
0.150983,3,41.53334
-0.149308,2,41.598685
-0.5,1,41.660715
0.418109,4,41.728201
-0.154007,2,41.791693
1.189057,6,41.864066
-0.5,1,41.925402
0.531574,4,41.993113
-0.5,1,42.054971
-0.5,1,42.117626
0.1404,3,42.182747
-0.158719,2,42.246483
0.736149,5,42.317344
-0.5,1,42.378952
-0.5,1,42.442329
0.484585,4,42.514007
0.56567,4,42.582534
0.35002,4,42.65014
-0.170148,2,42.713775
0.151301,3,42.778872
-0.168027,2,42.842032
-0.182758,2,42.905854
0.182622,3,42.972357
-0.183972,2,43.035847
-0.158373,2,43.106797
-0.5,1,43.174587
-0.1721,2,43.245181
-0.173239,2,43.311125
-0.5,1,43.375413
0.174011,3,43.446434
-0.5,1,43.508
1.181167,6,43.579202
-0.5,1,43.642645
-0.5,1,43.705133
-0.5,1,43.766802
-0.5,1,43.827712
-0.164547,2,43.892468
1.071254,6,43.963573
0.133644,3,44.033077
-0.5,1,44.095777
-0.5,1,44.157338
1.283803,6,44.229608
-0.5,1,44.290734
0.242977,3,44.356093
-0.5,1,44.419975
1.14494,6,44.491661
-0.5,1,44.554291
0.466971,5,44.625373
-0.5,1,44.688336
-0.5,1,44.750011
0.987933,6,44.821761
-0.190605,2,44.886625
2.207772,9,44.966923
-0.172511,2,45.032907
0.825432,5,45.103473
-0.5,1,45.166544
0.131571,3,45.232207
0.189176,3,45.29755
0.052664,3,45.364827
0.442034,4,45.433541
-0.5,1,45.495104
2.260481,9,45.57319
1.581827,8,45.650286
1.177119,6,45.723405
0.199545,3,45.789168
-0.188354,2,45.852397
-0.183407,2,45.918007
-0.5,1,45.99002
-0.141414,2,46.058467
0.095786,3,46.128048
0.825951,5,46.203342
-0.5,1,46.269564
-0.5,1,46.332445
-0.190937,2,46.397717
0.727937,5,46.468506
1.408266,7,46.574979
-0.5,1,46.646794
-0.5,1,46.710787
0.095143,3,46.777641
-0.5,1,46.839633
-0.5,1,46.906011
-0.230338,2,46.973363
0.342422,4,47.044739
-0.5,1,47.110858
0.949178,6,47.185829
-0.209738,2,47.253865
-0.204907,2,47.322479
0.197093,3,47.389609
-0.5,1,47.451593
-0.5,1,47.520084
-0.5,1,47.58908
-0.5,1,47.652903
-0.184676,2,47.71826
-0.5,1,47.781031
-0.1538,2,47.845173
0.077987,3,47.910349
-0.5,1,47.971558
1.128566,6,48.042593
-0.5,1,48.112923
-0.166762,2,48.194519
-0.18794,2,48.267513
0.083248,3,48.341116
0.154171,3,48.409295
-0.5,1,48.470919
0.219071,3,48.537755
-0.201731,2,48.605981
1.409824,7,48.681416
-0.5,1,48.743056
0.100771,3,48.81534
-0.5,1,48.888499
-0.5,1,48.950639
-0.171011,2,49.014774
-0.149869,2,49.081295
-0.185685,2,49.156667
-0.5,1,49.232111
-0.161846,2,49.299113
-0.5,1,49.366133
0.7139,5,49.442974
-0.182847,2,49.511563
1.150698,6,49.60123
0.430774,4,49.676532
-0.5,1,49.73809
0.44677,4,49.807716
-0.5,1,49.869678
-0.5,1,49.939552
-0.5,1,50.00618
-0.193658,2,50.074973
0.937603,5,50.146369
0.383846,4,50.213927
-0.19719,2,50.278794
-0.5,1,50.339877
1.42723,7,50.41398
0.539598,4,50.482856
0.130377,3,50.552354
-0.5,1,50.627914
1.544359,7,50.71171
-0.5,1,50.773205
-0.5,1,50.834866
1.127715,6,50.90812
-0.190656,2,50.972815
0.170223,3,51.038112
0.437782,4,51.112351
-0.5,1,51.174346
-0.146783,2,51.246545
-0.5,1,51.314723
-0.5,1,51.414316
-0.5,1,51.513094
-0.205835,2,51.586664
-0.166717,2,51.659259
-0.190299,2,51.731453
0.937366,6,51.803075
1.16999,6,51.876686
-0.5,1,51.944637
-0.169162,2,52.015889
-0.163663,2,52.089171
-0.5,1,52.151969
-0.5,1,52.213022
1.064847,6,52.285984
-0.5,1,52.348085
0.125091,3,52.414889
0.395893,4,52.483387
-0.184243,2,52.555527
0.184151,3,52.632557
-0.5,1,52.700505
-0.18182,2,52.77277
0.415246,4,52.848986
0.237698,3,52.923788
-0.5,1,52.991723
-0.5,1,53.055657
1.504974,7,53.729829
0.120389,3,53.802305
4.196634,16,53.902959
-0.5,1,53.966692
-0.161035,2,54.031874
3.714389,14,54.12273
-0.161832,2,54.189968
0.148805,3,54.261979
-0.177937,2,54.331773
-0.165623,2,54.400824
0.48663,4,54.476791
0.39152,4,54.547028
0.8769,5,54.620176
-0.191297,2,54.684734
-0.5,1,54.746145
-0.161871,2,54.809488
0.067388,3,54.875828
0.509803,4,54.944288
-0.209354,2,55.008156
0.462705,4,55.075945
-0.179994,2,55.141561
-0.5,1,55.203371
-0.160519,2,55.266926
-0.5,1,55.328235
0.641188,5,55.398165
1.020301,6,55.470619
0.465223,4,55.541187
-0.5,1,55.605269
0.160658,3,55.671777
0.447036,4,55.739739
-0.176237,2,55.803425
1.291443,6,55.875897
-0.190969,2,55.940588
-0.5,1,56.003001
-0.188976,2,56.066255
1.658733,8,56.144298
0.506131,4,56.213621
-0.5,1,56.27456
0.15075,3,56.340494
1.623648,8,56.417507
-0.5,1,56.47924
-0.177823,2,56.542537
-0.173499,2,56.606742
-0.152387,2,56.672712
-0.5,1,56.733767
0.459589,4,56.801642
-0.005876,3,56.868044
0.423449,4,56.935626
2.16406,9,57.014972
-0.5,1,57.078315
-0.220602,2,57.144475
1.251634,6,57.217914
1.482592,7,57.293281
1.316854,6,57.366874
0.363223,4,57.434353
-0.5,1,57.496053
0.181167,3,57.561584
1.272187,6,57.6342
1.162036,6,57.707244
-0.5,1,57.768871
2.476735,10,57.849601
0.149334,3,57.91564
2.784904,12,58.000495
0.458708,4,58.070128
-0.5,1,58.133381
1.061286,6,58.205703
-0.185172,2,58.270036
-0.5,1,58.331374
-0.5,1,58.395009
-0.203131,2,58.458315
-0.5,1,58.520058
-0.164543,2,58.583706
-0.5,1,58.646065
1.058721,6,58.719337
-0.5,1,58.782256
-0.199977,2,58.848783
-0.5,1,58.910226
-0.5,1,58.971371
1.140664,6,59.043445
0.516539,4,59.113184
0.188679,3,59.179431
0.145343,3,59.247821
1.424198,7,59.323577
-0.163318,2,59.38818
-0.147662,2,59.453127
-0.5,1,59.515392
1.591045,7,59.590441
-0.5,1,59.65351
0.178162,3,59.720246
-0.5,1,59.781929
-0.219196,2,59.844977
0.810932,5,59.915059
1.284031,6,59.987424
-0.5,1,60.050455
-0.5,1,60.112752
-0.5,1,60.174469
4.648922,17,60.270975
-0.139095,2,60.341731
-0.5,1,60.403747
0.798182,5,60.474231
-0.181552,2,60.538243
0.171715,3,60.606048
0.137703,3,60.672789
-0.5,1,60.734698
0.157307,3,60.800326
-0.18252,2,60.864237
-0.5,1,60.925335
4.297166,14,61.014864
0.461284,4,61.084058
1.754847,8,61.161485
-0.5,1,61.224021
2.293201,9,61.302343
0.173032,3,61.369255
-0.215533,2,61.433468
3.014419,11,61.516363
-0.5,1,61.578034
-0.209522,2,61.641643
-0.5,1,61.705608
-0.149465,2,61.7699
-0.5,1,61.833532
-0.5,1,61.895237
-0.5,1,61.95691
-0.17424,2,62.02143
-0.5,1,62.083069
-0.148448,2,62.147765
0.482715,4,62.215986
-0.194862,2,62.280421
0.147736,3,62.346354
-0.152774,2,62.410489
-0.166181,2,62.47604
0.406878,4,62.543397
1.551199,7,62.618706
-0.5,1,62.680781
0.14453,3,62.746816
-0.164294,2,62.811188
0.755109,5,62.881978
-0.5,1,62.944068
0.482738,4,63.01188
0.146864,3,63.077466
0.366107,4,63.150496
-0.5,1,63.222996
-0.5,1,63.287405
0.84984,5,63.358419
0.149503,3,63.425668
1.847448,8,63.504782
-0.5,1,63.56768
0.813759,5,63.640605
-0.5,1,63.703375
1.403382,7,63.796063
-0.5,1,63.865798
-0.164894,2,63.937077
1.124472,6,64.012482
0.188824,3,64.080768
0.512355,4,64.151753
0.207962,3,64.227369
1.531196,7,64.306915
0.183122,3,64.373428
0.840467,5,64.444499
-0.186846,2,64.508848
-0.5,1,64.570976
0.179181,3,64.637195
-0.5,1,64.706715
-0.5,1,64.770985
1.920906,9,64.85053
-0.5,1,64.914409
0.577834,5,64.985685
1.102739,6,65.05863
-0.134833,2,65.123418
0.148805,3,65.202996
-0.5,1,65.277443
1.080961,6,65.361264
0.220822,4,65.438286
4.078667,14,65.529936
0.860373,5,65.601283
-0.173793,2,65.667322
0.110923,3,65.733859
-0.5,1,65.801326
0.110175,3,65.871746
0.192981,3,65.941111
0.453768,4,66.012335
-0.16568,2,66.081463
2.788223,10,66.164894
-0.5,1,66.232513
-0.188762,2,66.298992
3.931666,15,66.394486
-0.5,1,66.460405
0.106928,3,66.529871
-0.5,1,66.594961
-0.5,1,66.659269
-0.5,1,66.72262
-0.5,1,66.789148
-0.5,1,66.852321
-0.182871,2,66.915935
-0.181295,2,66.980722
-0.154302,2,67.044968
1.383402,7,67.129572
-0.010435,3,67.208447
-0.149578,2,67.305375
0.515469,4,67.382439
-0.141091,2,67.45058
-0.153942,2,67.516834
0.701815,5,67.58708
0.919283,6,67.660125
-0.203708,2,67.729115
-0.5,1,67.806906
0.476255,4,67.886458
-0.5,1,67.955193
-0.197178,2,68.026406
-0.5,1,68.097161
2.517831,11,68.185943
-0.178254,2,68.251368
-0.5,1,68.31527
0.162814,3,68.381564
-0.18209,2,68.448459
0.522377,4,68.522255
3.781446,14,68.617545
0.175561,3,68.686636
-0.152696,2,68.751246
2.712892,12,68.836073
0.496435,4,68.905376
1.51038,7,68.981063
0.127392,3,69.049781
0.160267,3,69.118537
0.840695,5,69.193897
0.449336,4,69.268503
-0.5,1,69.332783
-0.5,1,69.396567
0.977795,6,69.469394
-0.5,1,69.533146
1.138238,6,69.607056
0.843011,5,69.680587
2.214658,10,69.763189
0.068931,3,69.835184
-0.5,1,69.898539
-0.5,1,69.961772
0.145679,3,70.033783
0.11472,3,70.101899
0.182092,3,70.175155
0.414077,4,70.249272
-0.148968,2,70.318629
-0.223628,2,70.386213
0.904559,5,70.461174
-0.5,1,70.536461
-0.5,1,70.60711
-0.174787,2,70.677671
3.60404,13,70.769875
0.789246,5,70.840795
0.173596,3,70.906874
3.298837,13,70.993789
-0.5,1,71.059286
-0.5,1,71.126135
0.526048,4,71.200164
-0.178915,2,71.267201
-0.159676,2,71.332448
2.225646,9,71.411221
0.586033,4,71.480197
-0.196572,2,71.544517
0.07675,3,71.610119
0.110379,3,71.675672
0.728514,5,71.746212
-0.5,1,71.808987
0.444474,4,71.876983
-0.159268,2,71.941255
-0.5,1,72.00318
0.470999,4,72.071748
-0.5,1,72.143296
1.655844,8,72.22116
-0.201863,2,72.286863
0.508032,4,72.355531
7.261877,24,72.467696
-0.5,1,72.531651
1.567917,7,72.606637
0.47776,4,72.689677
0.420517,4,72.762097
-0.18475,2,72.828608
1.745582,9,72.912255
-0.212319,2,72.981735
0.136823,3,73.048251
0.495068,4,73.117225
-0.183436,2,73.184094
0.398726,4,73.252952
-0.198277,2,73.31639
1.19405,7,73.391742
-0.5,1,73.453571
-0.5,1,73.515641
0.825,5,73.585886
-0.5,1,73.649502
0.901516,5,73.722383
0.865697,5,73.792628
1.292258,6,73.864827
1.177132,6,73.937368
-0.17423,2,74.00104
0.126747,3,74.066534
-0.201872,2,74.132269
1.100734,6,74.210759
-0.5,1,74.27384
-0.143265,2,74.338726
0.116788,3,74.404508
-0.5,1,74.466217
-0.166272,2,74.53381
2.245668,9,74.619305
-0.5,1,74.684225
3.331939,12,74.769385
-0.5,1,74.834923
-0.5,1,74.901487
-0.5,1,74.966721
0.829975,5,75.036982
-0.5,1,75.100546
0.519014,4,75.171028
0.045175,3,75.241491
1.092561,6,75.314715
-0.5,1,75.379607
-0.5,1,75.444757
0.188739,3,75.51606
-0.191143,2,75.586052
0.172939,3,75.655998
-0.5,1,75.723285
-0.155416,2,75.788164
1.923576,8,75.865181
0.186833,3,75.931556
-0.138372,2,75.995085
0.506471,4,76.063868
-0.154866,2,76.129866
0.054186,3,76.200828
3.840485,14,76.295192
0.131211,3,76.362485
0.831996,5,76.432674
-0.5,1,76.493998
-0.195344,2,76.559016
1.369057,7,76.640223
0.435148,4,76.715531
0.165838,3,76.786605
0.166362,3,76.856529
-0.5,1,76.921689
0.806151,5,76.99736
-0.15674,2,77.063461
-0.5,1,77.12523
-0.5,1,77.186868
1.857432,8,77.265426
-0.5,1,77.328233
0.930207,5,77.398851
-0.207417,2,77.462394
0.473919,4,77.530113
0.222336,4,77.598135
-0.5,1,77.659574
0.103984,3,77.726765
0.910949,5,77.796678
0.590648,5,77.866133
0.211018,4,77.933644
-0.179756,2,77.998294
-0.194753,2,78.063116
0.181281,3,78.128663
-0.179787,2,78.192563
-0.5,1,78.25529
-0.5,1,78.316184
-0.173401,2,78.379975
0.582139,4,78.448191
0.836517,5,78.518924
-0.5,1,78.580971
-0.5,1,78.642597
-0.5,1,78.704964
1.185135,6,78.778916
0.157768,3,78.846185
0.562587,4,78.917706
0.469886,4,78.991856
-0.186209,2,79.062711
-0.15918,2,79.130987
2.105,9,79.219156
1.281519,6,79.297977
0.91742,5,79.373666
0.4504,4,79.443822
-0.5,1,79.505756
0.099954,3,79.572151
0.687858,5,79.6492
-0.5,1,79.718386
3.105028,11,79.803487
-0.5,1,79.867845
0.08263,3,79.942885
0.079185,3,80.094614
-0.160423,2,80.191827
-0.169259,2,80.28881
-0.5,1,80.379768
0.796266,5,80.465347
0.139093,3,80.532952
-0.5,1,80.597381
-0.143492,2,80.671367
-0.5,1,80.736807
-0.5,1,80.799576
-0.5,1,80.860928
-0.197059,2,80.924883
0.142948,3,80.990956
-0.5,1,81.056166
0.904705,5,81.131563
-0.5,1,81.202641
-0.5,1,81.30583
0.648626,5,81.386492
-0.5,1,81.458836
0.868029,5,81.531336
0.114229,3,81.59973
0.439797,4,81.676373
0.482185,4,81.910592
-0.5,1,81.991407
-0.5,1,82.100453
-0.191706,2,82.173814
-0.174626,2,82.294833
-0.5,1,82.368292
0.465287,4,82.438986
-0.5,1,82.501652
-0.5,1,82.562982
1.3809,7,82.637441
0.176177,3,82.704267
-0.5,1,82.766656
-0.197361,2,82.830123
-0.167818,2,82.894169
0.506307,4,82.96382
-0.201114,2,83.028109
3.710634,13,83.127969
-0.5,1,83.191368
0.368955,4,83.260582
0.168045,3,83.326644
-0.5,1,83.388353
0.471536,4,83.462405
0.427781,4,83.532165
-0.5,1,83.593217
-0.5,1,83.655068
0.402111,4,83.729372
-0.5,1,83.796289
-0.5,1,83.860035
0.827176,5,83.933522
0.20972,3,84.001442
0.188624,3,84.076667
-0.5,1,84.13807
0.143303,3,84.204449
1.732525,8,84.283657
1.106306,6,84.357278
1.444505,7,84.432125
0.108664,3,84.498547
0.442414,4,84.567363
0.74264,5,84.638809
2.620511,10,84.786747
0.738733,5,84.858598
-0.149011,2,84.923211
-0.5,1,84.984828
-0.170384,2,85.048655
-0.179441,2,85.11205
2.667201,10,85.193629
-0.5,1,85.257503
-0.5,1,85.319449
0.205101,3,85.385727
-0.5,1,85.44744
-0.180748,2,85.518535
-0.5,1,85.583617
0.528939,4,85.652975
-0.5,1,85.718053
-0.5,1,85.780109
-0.5,1,85.841954
0.142885,3,85.908335
0.050277,3,85.974137
-0.5,1,86.036177
0.655877,5,86.108938
-0.5,1,86.171138
-0.5,1,86.233961
-0.19797,2,86.300613
-0.183384,2,86.368903
-0.5,1,86.436526
-0.5,1,86.499823
-0.5,1,86.565405
-0.5,1,86.627941
-0.5,1,86.689887
-0.5,1,86.753255
0.197843,3,86.818732
0.180937,3,86.884407
0.866446,5,86.954935
0.230274,4,87.023053
-0.5,1,87.084991
1.193871,6,87.157424
-0.159255,2,87.222281
1.639572,8,87.300757
3.321913,12,87.419271
0.183021,3,87.574173
0.129946,3,87.652387
2.013965,9,87.753917
-0.5,1,87.826541
6.094083,19,87.941582
-0.153033,2,88.014657
-0.5,1,88.082276
0.515069,4,88.156852
-0.5,1,88.22122
1.570315,7,88.29723
-0.5,1,88.359502
-0.5,1,88.42122
-0.5,1,88.48409
-0.191249,2,88.548753
1.396254,7,88.627663
0.197109,3,88.6994
-0.206578,2,88.819693
-0.5,1,88.897496
0.461825,4,88.97874
-0.053961,3,89.052919
-0.5,1,89.123002
-0.5,1,89.192513
-0.167597,2,89.268207
0.732665,5,89.348286
0.205326,3,89.420525
-0.139654,2,89.490551
1.737441,8,89.594083
-0.5,1,89.673474
-0.211453,2,89.754554
-0.5,1,89.833434
0.504305,4,89.922218
0.721361,5,89.999389
0.718023,5,90.080244
-0.2007,2,90.15692
-0.204477,2,90.242832
1.461812,7,90.323098
0.119884,3,90.390308
-0.5,1,90.453775
-0.16647,2,90.518161
-0.149217,2,90.582436
-0.18311,2,90.648063
-0.5,1,90.710421
0.788407,5,90.877704
-0.5,1,90.947139
-0.180501,2,91.016803
-0.5,1,91.078724
2.300092,9,91.15767
-0.5,1,91.220226
-0.5,1,91.286331
2.388002,10,91.36972
-0.183522,2,91.434111
0.074188,3,91.500541
-0.5,1,91.564954
0.152,3,91.70549
0.149326,3,91.820973
0.409783,4,91.901504
-0.155262,2,91.968043
0.097166,3,92.03679
-0.5,1,92.099455
1.156818,6,92.17161
-0.5,1,92.237315
0.131467,3,92.304461
-0.5,1,92.367999
-0.5,1,92.432031
-0.157827,2,92.496635
-0.16889,2,92.561324
-0.5,1,92.623622
-0.5,1,92.68468
0.186499,3,92.757602
-0.5,1,92.830026
-0.5,1,92.899867
0.217813,3,92.971636
1.668363,8,93.056721
1.642766,8,93.133695
0.925621,5,93.203881
0.13878,3,93.270425
-0.5,1,93.332918
0.817038,5,93.404413
-0.5,1,93.466243
1.414342,7,93.542235
-0.176461,2,93.607625
3.273752,13,93.695425
0.439497,4,93.764436
0.959811,5,93.83418
-0.5,1,93.896097
0.944083,5,93.966916
0.530628,4,94.036236
0.16743,3,94.102216
-0.5,1,94.164904
-0.5,1,94.226306
0.434613,4,94.294638
0.534062,4,94.363088
0.092968,3,94.428964
0.403812,4,94.497145
3.282035,12,94.583834
1.788457,8,94.660137
-0.5,1,94.721914
0.72631,5,94.792065
-0.184209,2,94.856865
0.009794,3,94.922796
1.731941,8,95.00109
0.78343,5,95.072931
-0.164781,2,95.137601
0.487396,4,95.211228
-0.198962,2,95.280028
1.110151,6,95.357544
-0.5,1,95.420106
-0.183598,2,95.484316
-0.5,1,95.546173
-0.5,1,95.609079
0.351519,4,95.676798
0.144544,3,95.742547
0.46508,4,95.811519
0.456752,4,95.880073
-0.5,1,95.94062
-0.5,1,96.003054
-0.5,1,96.064638
-0.166043,2,96.127843
-0.172003,2,96.193816
1.253704,6,96.270864
0.893909,5,96.343095
-0.5,1,96.405774
2.587964,10,96.78441
-0.179001,2,96.854397
0.821377,5,96.930285
2.34739,10,97.012743
3.716182,14,97.102846
-0.5,1,97.165416
0.332672,5,97.235342
1.176046,6,97.307626
-0.5,1,97.370089
-0.5,1,97.432228
0.11792,3,97.499134
0.109367,3,97.566929
-0.179572,2,97.631806
2.221133,9,97.71238
-0.5,1,97.779629
1.081824,6,97.858439
0.813015,5,97.934012
-0.5,1,97.996296
0.122432,3,98.062894
0.070492,3,98.128013
1.532371,7,98.204429
0.806881,5,98.278693
0.535963,4,98.3468
0.427552,4,98.415117
-0.5,1,98.476929
0.523435,4,98.543812
-0.5,1,98.605074
-0.5,1,98.667928
0.150017,3,98.734635
-0.5,1,98.796988
2.659478,11,98.880229
1.850516,8,98.962614
-0.165131,2,99.035117
-0.5,1,99.102063
-0.5,1,99.17131
-0.5,1,99.234337
-0.173811,2,99.2978
0.903465,5,99.367821
2.980144,11,99.45204
0.66137,5,99.523086
3.72123,14,99.613444
1.880139,8,99.693948
-0.166141,2,99.76308
-0.5,1,99.824567
0.543792,4,99.892754
1.473639,7,99.968187
1.910991,8,100.045793
6.031809,20,100.148588
0.19803,3,100.214448
3.535384,14,100.304459
-0.5,1,100.366369
6.065364,20,100.468829
1.956913,8,100.548993
0.127768,3,100.61914
0.112712,3,100.691248
0.526041,4,100.76247
5.215897,17,100.862534
1.087849,6,100.939328
0.16029,3,101.007988
6.287052,20,101.112553
0.137284,3,101.179861
-0.5,1,101.242191
-0.5,1,101.304279
-0.5,1,101.366918
-0.217991,2,101.431952
-0.168211,2,101.499874
0.502092,4,101.568441
0.740198,5,101.641152
1.539169,7,101.71622
-0.5,1,101.778279
-0.17397,2,101.841987
0.079382,3,101.90779
0.42305,4,101.976231
-0.163016,2,102.040808
2.805255,12,102.126053
-0.5,1,102.18676
1.140671,6,102.258136
0.521129,4,102.325853
-0.5,1,102.38665
1.303042,7,102.460311
0.801332,5,102.531846
0.435171,4,102.599362
1.474559,7,102.672748
-0.5,1,102.734965
1.168085,6,102.807085
0.399371,4,102.875348
0.528095,4,102.942797
0.171315,3,103.009133
0.038317,3,103.076103
-0.5,1,103.136707
0.728021,5,103.207757
0.442068,4,103.275603
-0.5,1,103.336385
0.50018,4,103.403634
-0.5,1,103.466416
0.176722,3,103.531074
0.123906,3,103.60141
-0.5,1,103.667431
-0.146574,2,103.735527
7.25621,23,103.857708
-0.5,1,103.936784
-0.5,1,104.009003
0.805454,5,104.085646
0.485098,4,104.156936
0.521823,4,104.225529
1.701128,8,104.30179
-0.5,1,104.3641
0.164293,3,104.429384
-0.194003,2,104.494838
3.127263,12,104.579107
-0.164033,2,104.6444
-0.5,1,104.70829
-0.5,1,104.77263
0.147952,4,104.842989
1.556744,8,104.922752
-0.5,1,104.988118
-0.5,1,105.057298
-0.21289,2,105.123231
1.647222,8,105.199645
0.17042,3,105.266223
0.047343,3,105.331724
-0.5,1,105.39775
-0.5,1,105.466467
0.793952,5,105.543008
-0.5,1,105.609481
3.399228,12,105.70335
0.757188,5,105.777191
0.126387,3,105.843593
1.12829,6,105.922946
-0.5,1,105.989413
3.328986,13,106.081774
-0.19112,2,106.150226
0.526845,4,106.217682
-0.5,1,106.285207
1.632539,7,106.362333
-0.170289,3,106.430718
2.810337,11,106.513973
-0.5,1,106.577759
-0.204398,2,106.642262
-0.5,1,106.707559
0.333901,4,106.780661
0.191468,3,106.852005
-0.5,1,106.917093
-0.193693,2,106.986689
2.019442,9,107.069434
1.801804,8,107.15307
1.676346,9,107.235064
5.833521,19,107.336414
0.723755,5,107.408303
0.816349,5,107.483271
-0.5,1,107.547548
-0.5,1,107.609898
2.013665,8,107.688518
1.461497,7,107.770306
0.146994,3,107.840417
2.434371,10,107.924817
1.970211,8,108.003894
-0.160114,2,108.072355
-0.1752,2,108.138037
1.220968,6,108.213409
-0.5,1,108.282185
-0.5,1,108.345255
0.529422,4,108.415624
0.421506,4,108.487129
3.663552,14,108.584069
0.437827,4,108.661894
2.116717,9,108.748555
2.331653,10,108.839176
2.158537,9,108.922391
-0.5,1,108.993642
-0.5,1,109.063921
-0.181622,2,109.136621
-0.220856,2,109.203535
-0.167477,2,109.269348
-0.5,1,109.330134
0.497362,4,109.397908
0.148266,3,109.466713
0.166478,3,109.541906
-0.5,1,109.612499
0.543413,4,109.6835
0.173495,3,109.749163
-0.5,1,109.810556
-0.5,1,109.874434
0.836956,5,109.94742
-0.5,1,110.013728
0.866005,5,110.08379
1.087141,6,110.156986
3.142079,12,110.245917
0.417552,4,110.320004
-0.160941,2,110.387498
0.473998,4,110.455577
-0.153413,2,110.521251
1.202604,6,110.598621
0.10276,3,110.67579
1.774032,8,110.761368
0.14948,3,110.83035
0.144349,3,110.896562
-0.5,1,110.960446
2.791188,12,111.054901
0.385358,4,111.133269
1.682767,7,111.214908
0.821686,5,111.29316
-0.191948,2,111.365098
0.447196,4,111.440157
2.70461,11,111.531896
2.991035,12,111.617837
1.052154,6,111.695134
-0.196366,2,111.771782
3.194947,13,111.869423
-0.5,1,111.936528
-0.158374,2,112.005447
-0.5,1,112.069918
1.083965,6,112.145827
0.131588,3,112.22166
1.010955,6,112.297489
2.278106,10,112.381059
0.550014,4,112.45131
1.077241,6,112.526411
3.656959,15,112.617324
1.732357,8,112.695011
-0.36954,3,112.761999
2.571274,10,112.841954
-0.5,1,112.904948
0.512347,4,112.972218
0.074614,3,113.038185
0.491641,4,113.106765
0.626956,5,113.187449
0.507389,4,113.262363
0.13799,3,113.331266
0.570272,4,113.40261
-0.5,1,113.463216
-0.1716,2,113.526742
1.111557,6,113.598923
-0.5,1,113.661301
2.82894,11,113.746662
0.909781,5,113.82383
0.523978,4,113.898286
0.418109,4,113.967828
1.225638,6,114.04133
-0.5,1,114.102803
-0.159057,2,114.164856
-0.5,1,114.226956
2.887879,12,114.310883
0.139112,3,114.380032
2.108997,9,114.464061
0.860687,5,114.536272
2.317779,10,114.617315
0.139725,3,114.683238
3.153972,12,114.767127
-0.5,1,114.829534
0.56567,4,114.896683
1.516195,8,114.973554
0.158168,3,115.04404
0.803281,5,115.118704
0.501747,4,115.197909
0.456023,4,115.271915
0.182622,3,115.34207
2.412546,10,115.42734
-0.158373,2,115.495122
-0.159552,3,115.564722
1.154598,6,115.641298
0.798033,5,115.713346
-0.5,1,115.779982
0.174011,3,115.849063
1.950699,9,115.933112
-0.5,1,115.993843
0.673966,5,116.066364
-0.140561,2,116.130527
1.554145,8,116.20852
1.386251,7,116.289482
1.522624,7,116.368843
1.720517,8,116.444302
-0.5,1,116.506514
1.847307,8,116.582589
2.977322,11,116.668221
-0.5,1,116.732202
0.532671,4,116.806754
0.611248,4,116.87698
-0.152869,2,116.940166
-0.171636,2,117.004888
-0.5,1,117.065421
0.178858,3,117.130751
4.946084,17,117.227443
0.495409,4,117.29911
-0.5,1,117.36229
0.125355,3,117.429207
0.837984,5,117.501982
1.139684,6,117.577612
0.489081,4,117.648008
-0.5,1,117.712359
0.131571,3,117.78083
0.53418,4,117.849838
0.331304,4,117.918981
1.082797,6,117.991023
-0.188172,2,118.055058
-0.5,1,118.115431
-0.2092,2,118.178184
1.864417,8,118.254421
-0.149688,2,118.319278
-0.5,1,118.380608
0.132179,3,118.45226
-0.5,1,118.51771
0.219259,3,118.584301
2.26844,10,118.664553
1.849902,8,118.741704
-0.168164,2,118.807522
0.789946,5,118.87662
0.42884,4,118.945133
-0.5,1,119.004732
0.128475,3,119.070343
-0.192007,2,119.133634
-0.5,1,119.194487
-0.203385,2,119.258618
-0.5,1,119.323245
0.486261,4,119.393459
-0.5,1,119.458247
-0.22144,2,119.524393
0.160149,3,119.593973
-0.5,1,119.657009
0.0832,3,119.7271
2.792707,12,119.816466
1.253007,6,119.888569
-0.179873,2,119.953296
0.346522,4,120.020184
-0.5,1,120.080482
-0.199209,2,120.1429
-0.5,1,120.205146
0.457801,4,120.271682
-0.5,1,120.332954
0.655174,5,120.401234
-0.201425,2,120.464479
1.455616,7,120.538477
1.027187,6,120.610933
-0.166762,2,120.674319
2.811851,12,120.759638
-0.5,1,120.821595
-0.171612,2,120.883746
1.389301,7,120.956627
1.296581,6,121.028844
0.700029,5,121.099094
0.648068,5,121.169185
0.46404,4,121.236373
0.100771,3,121.301934
0.550411,4,121.369789
1.276105,6,121.441803
-0.5,1,121.502325
1.618691,7,121.576016
-0.185685,2,121.639955
0.744081,5,121.70922
-0.161846,2,121.77556
-0.5,1,121.841954
0.102859,3,121.913716
-0.5,1,121.976919
1.485606,7,122.05059
0.741412,5,122.119306
2.947038,11,122.200801
0.129643,3,122.266721
-0.5,1,122.330355
1.167438,6,122.400671
0.194463,3,122.46581
0.415715,4,122.532525
0.576475,4,122.599991
0.086951,3,122.664476
0.105283,3,122.730999
1.146158,6,122.802512
0.456044,4,122.870573
5.489475,18,122.968776
-0.184233,2,123.032304
1.743846,8,123.108081
-0.5,1,123.170004
-0.5,1,123.229731
-0.161293,2,123.293469
0.801488,5,123.362851
1.394752,7,123.438806
0.170223,3,123.504598
-0.188346,2,123.576594
-0.5,1,123.645079
0.558311,4,123.719972
-0.171456,2,123.78513
0.57271,4,123.856251
0.880022,5,123.930415
-0.205835,2,123.995042
0.16687,3,124.063961
0.744994,5,124.133703
-0.5,1,124.194751
2.198968,9,124.271879
-0.194335,2,124.336642
0.162808,3,124.400719
-0.5,1,124.462416
-0.5,1,124.524102
2.246627,9,124.602715
1.384831,7,124.681291
-0.173411,2,124.744574
-0.5,1,124.80625
-0.5,1,124.868021
1.10635,6,124.938824
1.220703,6,125.011542
1.543912,7,125.085122
1.753639,8,125.163301
-0.196202,2,125.229651
2.835293,10,125.316537
3.304619,13,125.40697
0.466669,4,125.481229
0.49413,4,125.553671
-0.191061,2,125.616933
1.000152,6,125.687613
2.093447,9,125.765927
0.178259,3,125.836519
0.137615,3,125.902228
-0.161832,2,125.969262
-0.5,1,126.036155
0.533767,5,126.109132
2.786105,11,126.191347
-0.171736,2,126.254925
1.59963,8,126.330772
1.568148,7,126.405459
-0.5,1,126.466134
-0.5,1,126.526388
0.177638,3,126.592396
-0.5,1,126.65423
-0.159674,2,126.716686
0.377009,4,126.783439
0.141441,3,126.847713
4.735227,17,126.942481
-0.5,1,127.004704
0.179256,3,127.069247
0.81038,5,127.13835
0.753682,5,127.208003
1.332041,7,127.281844
0.465223,4,127.350572
0.122427,3,127.415537
0.160658,3,127.481295
-0.5,1,127.541489
0.468359,4,127.608642
0.928811,5,127.679092
0.118353,3,127.745228
2.253761,10,127.824921
0.755484,5,127.894557
1.968673,9,127.97622
0.16902,3,128.046315
0.502253,4,128.115726
0.15075,3,128.184317
1.005969,6,128.260247
0.52381,4,128.328871
-0.177823,2,128.39226
-0.5,1,128.451794
1.924374,8,128.527793
0.448862,4,128.594778
0.139563,3,128.660199
-0.5,1,128.721964
-0.5,1,128.781565
-0.173779,2,128.847365
-0.5,1,128.91406
-0.134417,2,128.982664
0.197871,3,129.050155
-0.5,1,129.110181
4.28849,14,129.49538
-0.21424,2,129.564308
1.689681,8,129.64671
-0.5,1,129.712856
-0.5,1,129.773804
0.163237,3,129.8393
0.43464,4,129.90674
0.796295,5,129.97696
-0.5,1,130.03907
2.465563,11,130.121101
0.458708,4,130.190938
0.854323,5,130.262614
1.061286,6,130.335111
-0.5,1,130.396339
-0.5,1,130.457175
0.801877,5,130.529289
0.696356,5,130.601955
0.557111,4,130.675907
1.528256,7,130.752657
-0.5,1,130.819117
-0.18833,2,130.884803
0.885404,6,130.958147
2.625565,11,131.042929
-0.172635,2,131.106525
4.096986,14,131.195954
-0.174572,2,131.262203
0.17696,3,131.328575
3.696655,13,131.416676
0.793869,5,131.488076
-0.184477,2,131.551136
-0.5,1,131.61549
-0.5,1,131.681491
2.531295,10,131.763801
-0.5,1,131.834738
1.702954,8,131.91941
0.517867,4,131.988666
-0.17707,2,132.05259
2.731665,12,132.136795
1.818839,8,132.215027
-0.5,1,132.277032
0.079907,3,132.342911
-0.5,1,132.404822
-0.174218,2,132.468066
1.356696,7,132.542337
2.401382,9,132.622569
0.148007,3,132.68934
2.117383,9,132.768116
-0.5,1,132.82956
1.532458,7,132.906197
0.781374,5,132.976841
1.337614,7,133.053497
6.419298,21,133.158403
1.715271,8,133.235404
-0.5,1,133.299314
-0.135474,2,133.365917
1.770022,8,133.444329
1.424953,7,133.522479
1.132112,6,133.5996
4.080463,14,133.692134
0.510712,4,133.762156
0.633983,5,133.833147
1.222321,6,133.907179
2.354064,9,133.986785
0.381239,4,134.054891
-0.5,1,134.118529
-0.5,1,134.181702
0.822085,5,134.252447
-0.200195,2,134.31746
-0.17724,2,134.381175
0.808083,5,134.455311
0.452021,4,134.524537
2.723418,10,134.610251
0.482715,4,134.687169
0.109018,3,134.761433
1.455613,7,134.844325
2.288607,9,134.92906
-0.166181,2,135.001238
-0.198651,2,135.070798
3.339148,12,135.163294
-0.161458,2,135.232994
-0.5,1,135.296001
0.173588,3,135.363381
-0.5,1,135.425332
2.140788,10,135.506204
4.601155,16,135.603348
3.159956,12,135.69008
-0.5,1,135.7556
2.43916,10,135.837883
-0.5,1,135.899535
5.828063,19,136.003488
-0.5,1,136.072527
-0.5,1,136.142392
-0.5,1,136.208683
-0.5,1,136.272333
1.2465,7,136.348443
-0.185547,2,136.41463
2.957505,13,136.504916
0.846463,5,136.575315
3.740162,14,136.665223
1.233877,6,136.73848
6.418848,21,136.84472
1.638737,7,136.922382
1.872135,8,136.999771
0.183122,3,137.065808
1.109891,6,137.136845
0.441442,4,137.204881
0.298847,4,137.272487
-0.5,1,137.333735
-0.5,1,137.394909
0.81422,5,137.464556
-0.200901,2,137.528521
1.805286,8,137.606186
2.282893,11,137.690111
-0.5,1,137.75136
1.683779,7,137.824806
2.146534,9,137.905097
-0.5,1,137.96681
4.091783,15,138.056679
2.173255,9,138.13595
1.593676,7,138.210931
7.050342,22,138.318176
-0.173793,2,138.38401
1.670738,8,138.460179
-0.198357,2,138.525398
1.692751,8,138.60811
4.476066,15,138.707499
-0.184619,2,138.774313
3.254504,12,138.858871
-0.5,1,138.921176
-0.5,1,138.982955
-0.5,1,139.0443
-0.196413,2,139.108228
-0.5,1,139.168992
1.984853,9,139.247039
0.775373,5,139.317206
-0.171935,2,139.381528
-0.160879,2,139.444913
-0.177889,2,139.509351
-0.192795,2,139.577034
0.446193,4,139.65275
-0.5,1,139.720717
3.063256,11,139.807756
0.118211,3,139.874195
-0.010435,3,139.940332
-0.149578,2,140.006461
-0.5,1,140.068934
2.008246,8,140.147446
1.230533,6,140.220349
-0.5,1,140.280934
-0.217444,2,140.343809
0.094122,3,140.408887
-0.5,1,140.469148
5.939412,20,140.573293
-0.5,1,140.636751
-0.197178,2,140.703629
-0.5,1,140.76462
2.834335,12,140.848754
-0.178254,2,140.912079
1.092612,6,140.984722
0.492614,4,141.052707
1.098185,6,141.125433
2.613467,10,141.205774
0.776079,5,141.276218
-0.5,1,141.338042
0.885076,5,141.419273
0.917769,6,141.493402
3.900161,14,141.583701
-0.5,1,141.646873
0.441299,4,141.715061
3.239598,12,141.800866
0.170112,3,141.867465
0.449336,4,141.951656
2.790328,11,142.04191
1.131447,6,142.115734
-0.206263,2,142.184338
0.205255,3,142.257337
-0.5,1,142.318518
-0.5,1,142.379703
0.681774,5,142.451711
0.068931,3,142.517953
0.125507,3,142.585333
-0.164697,2,142.648806
-0.17648,2,142.711746
0.11472,3,142.776167
2.23471,9,142.854181
0.109951,3,142.920794
2.363303,9,143.009024
0.053979,3,143.079409
0.200724,3,143.145271
0.431469,4,143.213561
1.813603,9,143.29377
-0.174787,2,143.362625
-0.163074,2,143.431577
0.143899,3,143.505465
2.559141,10,143.592943
1.350403,7,143.672208
3.678643,13,143.7615
1.47244,7,143.835932
-0.160727,2,143.899318
0.783857,5,143.972658
1.563608,7,144.04812
-0.5,1,144.110306
0.586033,4,144.177804
1.350062,7,144.25174
5.42424,20,144.353651
1.351199,7,144.427896
-0.18981,2,144.49306
2.399511,10,144.573699
0.444474,4,144.643261
0.516182,4,144.715528
-0.045554,3,144.786606
1.129747,6,144.859246
2.540635,10,144.9406
1.02709,6,145.014332
6.970279,25,145.128542
2.951621,11,145.219408
-0.177271,2,145.287427
1.237673,6,145.361702
0.526828,4,145.43077
2.851463,11,145.517377
1.360957,7,145.593044
2.750675,11,145.676767
0.142577,3,145.742597
-0.5,1,145.803908
0.136823,3,145.87114
2.177221,9,145.950584
-0.5,1,146.014545
1.00753,6,146.086917
0.716395,5,146.156815
-0.5,1,146.218144
5.786487,20,146.325954
-0.202186,2,146.395135
0.825,5,146.46749
0.479459,4,146.537216
7.50017,23,146.645529
1.545296,7,146.721452
2.022525,8,146.798735
-0.5,1,146.860325
-0.17423,2,146.922949
1.706774,8,147.000905
-0.201872,2,147.064552
-0.5,1,147.125739
0.117084,3,147.190499
-0.5,1,147.252417
2.368896,10,147.332173
0.52493,4,147.400803
10.686575,34,147.532429
2.606144,10,147.614735
-0.18094,2,147.678567
-0.5,1,147.739303
0.160135,3,147.804317
-0.5,1,147.865922
2.241818,9,147.94328
0.164493,3,148.010347
3.204548,12,148.104359
-0.16339,2,148.173853
0.045175,3,148.245297
1.092561,6,148.323898
1.163204,6,148.397291
2.744752,11,148.483738
1.235787,6,148.556862
-0.191143,2,148.621729
1.192486,6,148.693518
-0.5,1,148.754705
-0.5,1,148.815042
1.227804,6,148.887384
3.363904,12,148.972206
3.45976,12,149.05831
2.567905,10,149.140002
-0.5,1,149.201672
0.902482,6,149.273139
2.118228,9,149.360009
0.44898,4,149.430114
2.54698,10,149.51486
-0.19691,2,149.579151
0.40587,4,149.65134
-0.5,1,149.716887
0.435148,4,149.785279
0.270859,4,149.853652
0.830206,5,149.924737
2.804715,11,150.018248
-0.5,1,150.084896
0.186702,3,150.154446
-0.5,1,150.221136
1.27705,6,150.300082
2.205671,9,150.387072
0.510571,4,150.468744
2.769854,10,150.55978
2.222783,10,150.642228
1.466523,7,150.717046
3.560196,14,150.86643
-0.153999,2,150.943599
3.590047,14,151.044814
0.204551,3,151.111155
0.787979,5,151.185807
0.363915,4,151.260764
1.123808,6,151.342222
0.416737,4,151.421049
2.988473,11,151.51719
0.1405,3,151.594785
2.569971,10,151.690673
0.474222,4,151.768229
-0.5,1,151.838158
0.945624,5,151.910038
0.836517,5,151.980874
0.138535,3,152.050109
0.778049,5,152.129108
2.139249,9,152.220416
0.504475,4,152.2969
0.488613,4,152.368173
5.601334,18,152.467013
3.264732,13,152.557049
1.710234,8,152.634044
1.938964,8,152.710845
0.781325,5,152.788565
0.924263,5,152.867128
-0.146587,2,152.939776
-0.182827,2,153.012312
-0.5,1,153.074766
-0.200707,2,153.138487
1.29544,7,153.213041
-0.5,1,153.275048
3.105028,11,153.357883
-0.5,1,153.420151
-0.208692,2,153.496369
0.956396,6,153.578711
-0.160423,2,153.646906
0.495725,4,153.719526
-0.20451,2,153.78529
-0.177249,2,153.849545
2.737995,11,153.94461
-0.5,1,154.010508
3.107241,11,154.098149
1.470042,7,154.175324
8.478713,28,154.319504
1.365998,7,154.40821
-0.5,1,154.469808
1.433445,7,154.548247
0.925847,6,154.626271
5.273521,17,154.724675
-0.15535,2,154.796334
0.122554,3,154.868149
-0.5,1,154.935251
0.909174,5,155.010588
2.976294,11,155.104882
-0.190754,2,155.176786
0.126953,3,155.252478
-0.5,1,155.316084
1.175925,6,155.388939
4.092861,16,155.482425
1.348863,7,155.561355
-0.5,1,155.623129
1.822211,8,155.711011
-0.179093,2,155.782693
-0.5,1,155.852389
6.482608,20,155.968566
1.700939,8,156.058056
1.206526,6,156.1391
-0.5,1,156.205076
1.316819,7,156.567884
0.159197,3,156.639583
2.953522,11,156.728057
4.456756,17,156.82472
-0.5,1,156.887227
6.340287,22,157.000427
-0.215931,2,157.067593
1.175963,6,157.145623
-0.203832,2,157.211068
0.149123,3,157.27754
-0.5,1,157.342664
2.533536,11,157.431697
-0.5,1,157.496838
-0.201345,2,157.566826
3.757716,13,157.656107
0.849271,5,157.725777
-0.167452,2,157.789455
10.364517,31,157.918073
0.534136,4,157.993185
2.332563,11,158.084208
3.128268,12,158.176228
0.771032,5,158.252235
2.420106,10,158.339701
1.116883,6,158.413487
4.370211,16,158.506988
7.316029,24,158.619813
-0.5,1,158.680978
-0.5,1,158.740674
-0.5,1,158.801481
2.693804,10,158.881126
3.011429,12,158.969307
1.172614,6,159.041974
-0.5,1,159.103597
1.588699,7,159.17719
0.503274,4,159.244579
0.544191,4,159.312091
-0.5,1,159.373581
2.091016,9,159.452064
-0.5,1,159.513305
7.962163,24,159.62338
4.39374,15,159.715417
1.121131,6,159.787615
4.571575,16,159.881123
2.537221,10,159.960247
4.467359,16,160.052867
2.363891,11,160.141339
-0.5,1,160.20694
1.16287,6,160.279398
0.883929,5,160.34837
0.808134,5,160.418883
-0.19797,2,160.482128
-0.5,1,160.550821
-0.5,1,160.621513
4.735997,18,160.72631
1.217805,6,160.798563
1.976252,8,160.874157
2.009526,8,160.949592
4.143484,15,161.044852
-0.5,1,161.115775
3.267037,12,161.208188
1.213126,6,161.282938
1.356972,7,161.356162
0.683325,5,161.426559
-0.5,1,161.487985
4.768945,16,161.583633
0.39774,4,161.651392
13.138176,38,161.790192
-0.5,1,161.850673
0.129946,3,161.915598
-0.19028,2,161.981438
1.736878,8,162.062809
0.547373,4,162.133026
0.54751,4,162.205431
0.029206,3,162.275515
1.535859,7,162.351266
3.087809,12,162.434072
-0.156111,2,162.497221
-0.5,1,162.556719
2.171827,9,162.633332
-0.17211,2,162.696583
-0.5,1,162.75697
-0.5,1,162.817977
3.03965,11,162.89993
0.687384,5,162.968221
1.018883,6,163.039704
1.765617,8,163.115473
0.213047,3,163.18046
4.130329,15,163.27275
7.550242,24,163.380706
11.283675,35,163.515562
1.044609,6,163.587297
0.205326,3,163.651589
-0.139654,2,163.720241
2.060925,9,163.802586
4.350998,16,163.897272
2.759807,12,163.988562
11.307506,33,164.122991
-0.5,1,164.184008
0.414779,4,164.254513
1.825681,8,164.335
-0.5,1,164.40122
2.104803,10,164.487285
3.575326,13,164.573737
0.426028,4,164.695534
2.477372,12,164.780145
0.846251,5,164.849004
0.904233,5,164.917989
0.137205,3,164.983049
1.065555,6,165.054769
0.461464,4,165.122307
0.082013,3,165.187587
6.731469,22,165.293163
1.471812,7,165.366874
0.535349,4,165.433848
-0.5,1,165.499835
-0.5,1,165.565977
-0.185936,2,165.636562
-0.5,1,165.702477
-0.5,1,165.767186
-0.5,1,165.82856
-0.5,1,165.889361
2.141293,9,165.966732
4.574348,17,166.062767
2.273434,9,166.143633
-0.5,1,166.204051
1.064626,6,166.275021
0.748839,6,166.349052
1.571851,7,166.430884
5.694983,20,166.540361
6.823049,21,166.652938
0.038242,3,166.719575
0.190136,3,166.784565
2.184464,9,166.862947
1.634371,7,166.936194
2.488427,10,167.016962
0.528175,4,167.083978
0.170298,3,167.151312
3.253839,12,167.23739
-0.5,1,167.298661
4.696182,18,167.395615
1.020931,6,167.467341
1.285187,6,167.538272
4.771638,17,167.636749
2.815168,11,167.725582
-0.170639,2,167.788594
1.980086,9,167.866215
0.767502,5,167.938639
3.885495,14,168.032312
5.265934,19,168.137421
0.965374,7,168.215635
0.227876,3,168.281813
5.645362,19,168.382881
0.221867,3,168.450491
5.042785,17,168.546872
2.896492,11,168.63346
4.134014,16,168.726182
6.684337,21,168.833785
2.056899,9,168.930979
1.583303,7,169.027504
5.728963,21,169.151007
-0.19876,2,169.218162
-0.163988,2,169.284151
2.795377,11,169.365671
2.039313,9,169.444819
-0.195247,2,169.51057
-0.184209,2,169.57703
0.009794,3,169.644064
0.450254,4,169.711403
-0.5,1,169.775611
-0.5,1,169.842153
1.845546,8,169.929611
2.613173,11,170.018122
1.771311,8,170.099339
0.124956,3,170.172591
0.452683,4,170.245019
-0.5,1,170.309663
0.177307,3,170.376259
2.116833,10,170.456041
0.795517,5,170.524662
-0.178661,2,170.587328
1.422155,7,170.662977
-0.204495,2,170.728361
0.771872,5,170.804939
1.733173,8,170.888138
-0.166043,2,170.955494
-0.5,1,171.022063
-0.5,1,171.084127
3.060239,11,171.168387
0.604329,5,171.24264
3.805802,15,171.337272
0.469294,4,171.406653
-0.5,1,171.470432
-0.191436,2,171.534961
1.381609,7,171.611909
7.166118,24,171.729947
1.580096,7,171.807256
1.176046,6,171.879623
-0.5,1,171.945434
-0.173446,2,172.011014
1.049369,6,172.084144
-0.5,1,172.146848
-0.179572,2,172.210219
2.570453,10,172.304761
0.15877,3,172.385106
2.374105,10,172.488221
1.812366,8,172.587715
8.417292,27,172.747636
1.728747,8,172.849022
1.231652,7,172.93751
-0.5,1,172.999842
2.475755,10,173.07966
3.391069,12,173.167899
0.117464,3,173.235645
-0.187976,2,173.299226
-0.1583,2,173.362289
0.456049,4,173.435767
1.410602,7,173.514878
3.519084,13,173.601851
-0.5,1,173.671166
1.461299,7,173.75247
3.557926,13,173.84494
0.170031,3,173.914566
0.846544,5,173.988514
1.230767,6,174.063711
-0.5,1,174.125239
5.317882,18,174.224669
1.258203,6,174.296555
3.701747,13,174.383986
1.50476,7,174.457849
0.119715,3,174.525787
3.990462,14,174.61912
0.168798,3,174.687616
0.121914,3,174.751751
1.604817,7,174.826219
1.141796,6,174.901818
-0.158289,2,174.966131
0.79884,5,175.039668
4.181078,15,175.134899
-0.207375,2,175.203233
2.396008,9,175.285402
2.229724,9,175.367235
-0.153562,2,175.432476
1.077756,6,175.505743
0.112712,3,175.572561
-0.5,1,175.635195
-0.153207,2,175.700914
0.129258,3,175.782157
-0.5,1,175.863159
1.598771,7,175.958302
0.454744,4,176.044615
2.03174,9,176.14857
0.723026,5,176.240935
1.641002,8,176.345232
0.064192,3,176.43427
0.496967,4,176.51223
1.172625,6,176.587532
4.366444,16,176.682651
3.31958,12,176.777581
-0.5,1,176.843821
1.811811,8,176.920241
1.26959,7,176.99483
1.044461,6,177.067512
0.516929,4,177.142787
4.102804,16,177.247726
6.56071,22,177.363075
-0.5,1,177.424441
2.95216,11,177.50663
0.847158,5,177.577246
0.395378,4,177.651899
0.146216,3,177.722817
3.382475,13,177.808927
0.483259,4,177.883473
-0.205915,2,177.95395
5.046818,17,178.060246
0.565924,5,178.132066
9.135828,28,178.252917
5.000977,17,178.636395
0.038317,3,178.707423
1.498656,7,178.786328
0.108473,3,178.860316
1.72226,8,178.94613
3.64141,14,179.040153
0.50018,4,179.108988
6.840816,21,179.215378
3.360468,12,179.30007
2.728576,11,179.381895
1.957494,8,179.457605
-0.5,1,179.519309
1.842648,8,179.59536
2.057451,9,179.673763
1.34217,7,179.750794
0.805454,5,179.826072
4.647575,16,179.930122
-0.159715,2,179.996542
3.038799,12,180.081777
9.254649,33,180.212635
5.390102,18,180.309746
3.917676,15,180.400635
0.77685,5,180.469293
5.159919,17,180.562298
7.322851,23,180.684311
0.396503,4,180.762187
1.344982,7,180.841983
-0.5,1,180.90277
-0.173958,2,180.965708
-0.5,1,181.026176
9.475014,32,181.155372
2.612252,11,181.250672
0.842982,5,181.326871
2.086477,9,181.413821
17.196992,52,181.583979
5.97939,19,181.682962
-0.5,1,181.744718
2.854945,11,181.826692
0.889534,5,181.899171
0.125083,3,181.974688
4.75795,17,182.081338
1.458908,7,182.161384
1.370203,7,182.237386
4.675801,17,182.33258
2.697438,11,182.414275
0.185238,3,182.47976
-0.14606,2,182.542609
1.276562,6,182.614942
4.900277,16,182.706778
1.459175,7,182.779392
3.259792,13,182.879554
0.08934,3,182.952008
5.172595,18,183.057284
0.052038,3,183.127861
1.232938,6,183.200175
1.586897,7,183.275583
-0.5,1,183.336397
0.435245,4,183.422453
2.483804,10,183.516979
-0.5,1,183.584533
4.020764,14,183.677472
3.937769,16,183.77609
-0.17123,2,183.83842
1.934716,10,183.921933
1.831256,8,184.004775
0.211061,3,184.075164
4.203495,15,184.169555
3.785518,14,184.259457
-0.182035,2,184.324062
-0.152891,2,184.396961
0.516272,4,184.469304
2.483495,10,184.552518
5.50989,18,184.649449
0.141864,3,184.715234
0.14204,3,184.780496
1.210671,6,184.853568
1.978603,9,184.935084
2.996419,12,185.020634
1.071258,6,185.092591
2.785749,11,185.174961
0.729394,5,185.250016
0.484032,4,185.321071
3.065838,13,185.408208
6.594924,22,185.517304
5.574408,19,185.626755
0.638229,5,185.698824
4.549429,16,185.800168
14.498291,44,185.967503
2.200859,9,186.048882
-0.5,1,186.112156
1.174166,6,186.183239
1.681704,8,186.260395
0.195182,3,186.327198
-0.5,1,186.391486
0.902923,7,186.481002
-0.5,1,186.54906
1.171131,6,186.62179
1.868538,8,186.699113
2.248804,9,186.778047
1.735131,8,186.858817
1.452019,7,186.946874
2.676026,11,187.03524
1.213329,6,187.108047
3.860422,14,187.204673
0.194497,3,187.278258
-0.5,1,187.339539
1.962261,9,187.421439
4.934285,17,187.522341
-0.5,1,187.587158
0.144349,3,187.653426
0.164635,3,187.721757
0.965746,6,187.796138
1.279216,7,187.889679
0.220862,3,187.973563
6.883131,23,188.119023
-0.5,1,188.199808
1.420934,7,188.296467
3.713567,14,188.39357
2.662014,11,188.485766
-0.5,1,188.551379
1.332174,7,188.630106
0.095164,3,188.706433
-0.155603,2,188.78246
0.868653,5,188.857916
1.835688,8,188.938848
0.127405,3,189.007116
1.735732,8,189.083369
3.536443,14,189.172098
3.785901,14,189.261514
2.677179,10,189.349175
2.378969,10,189.431507
7.774895,28,189.551451
1.406781,7,189.632932
0.112863,3,189.704323
2.222188,9,189.785446
-0.5,1,189.848646
-0.5,1,189.909975
-0.5,1,189.983661
-0.5,1,190.052865
0.626956,5,190.132228
2.224481,9,190.219038
0.782181,5,190.290701
0.214392,3,190.373008
1.130986,6,190.467063
6.843358,22,190.590582
2.111234,9,190.671557
0.837541,5,190.740965
1.137356,6,190.81682
-0.5,1,190.884245
-0.157603,2,190.953292
1.344636,7,191.038745
0.476222,5,191.12045
0.849117,5,191.197265
3.00721,11,191.285515
0.188003,3,191.353871
4.203328,16,191.454096
-0.5,1,191.518818
1.115611,6,191.59239
0.183103,3,191.660114
0.114043,3,191.729902
0.139725,3,191.797275
0.147267,3,191.866069
-0.171516,2,191.931694
6.37246,20,192.033732
0.066988,3,192.103216
2.855604,11,192.191064
-0.5,1,192.254311
0.838919,5,192.325805
0.781742,5,192.399435
2.570283,10,192.485726
5.51584,19,192.588069
2.474709,10,192.671625
1.170177,6,192.747101
0.15658,3,192.814194
1.785027,8,192.895448
6.917083,22,193.011572
-0.5,1,193.075359
2.27276,10,193.156479
1.181167,6,193.235258
1.908506,9,193.321785
1.288051,6,193.399444
1.250975,7,193.474622
-0.5,1,193.540826
1.868284,8,193.623608
1.394009,7,193.698658
0.452099,4,193.766887
0.494426,4,193.835068
1.224293,6,193.908623
0.211651,3,193.97648
6.952106,22,194.083131
9.109579,26,194.201166
-0.5,1,194.265068
8.248198,26,194.381688
4.194818,15,194.478099
-0.5,1,194.540458
1.479661,7,194.615492
-0.167424,2,194.680398
7.092345,25,194.792674
-0.190605,2,194.85715
12.180435,37,194.997373
6.620268,22,195.103915
1.165137,6,195.177497
1.760915,8,195.253289
0.974024,6,195.330582
2.642918,10,195.414095
-0.5,1,195.476023
1.733,8,195.553212
3.242657,13,195.640343
0.869842,5,195.711289
4.755142,18,195.809685
1.520824,7,195.884011
0.910614,5,195.954821
0.749505,5,196.024062
0.7746,5,196.096011
-0.5,1,196.158215
4.259894,14,196.247523
1.311964,7,196.323057
1.505189,7,196.398831
3.282447,12,196.48512
0.136419,3,196.552123
1.513438,8,196.62945
0.111132,3,196.69479
5.173508,18,196.794264
-0.192007,2,196.858211
0.688029,5,196.928076
1.621923,8,197.006022
0.200574,3,197.072527
0.816726,5,197.142901
3.311944,14,197.232268
0.057306,3,197.29805
0.160149,3,197.364843
0.949178,6,197.437376
3.451552,14,197.528615
4.35147,17,197.626376
-0.5,1,197.687569
1.428138,7,197.761968
0.346522,4,197.830463
-0.16221,2,197.894352
0.407613,4,197.962088
2.074258,9,198.041399
14.19804,44,198.490972
-0.1538,2,198.55994
5.455915,21,198.666765
8.665261,30,198.793104
0.473787,4,198.861349
1.655047,8,198.937353
7.883322,25,199.052283
1.069351,6,199.125888
1.915107,9,199.205853
3.162705,12,199.292163
3.711459,14,199.382185
3.477511,12,199.468389
4.924863,18,199.566266
0.763339,5,199.638324
-0.180752,2,199.702324
0.100771,3,199.770258
5.226494,17,199.865098
1.632877,7,199.940561
3.934602,14,200.030481
10.304665,30,200.154828
4.070404,15,200.248338
6.900195,24,200.360419
-0.5,1,200.424119
2.183357,9,200.503328
-0.5,1,200.567322
0.778824,5,200.638084
14.47393,43,200.789593
1.363523,7,200.865648
4.389226,15,200.956538
3.008277,12,201.042009
-0.149366,2,201.106613
10.071275,32,201.232725
1.587269,7,201.307607
0.112539,3,201.375319
13.088502,39,201.518719
-0.208994,2,201.584529
4.574808,17,201.680921
-0.167245,2,201.744389
1.42723,7,201.81893
2.28289,9,201.899391
-0.5,1,201.96241
-0.5,1,202.026555
5.345296,18,202.124299
-0.208821,2,202.189179
13.90171,40,202.33568
10.322018,32,202.465235
0.1233,3,202.533238
1.170641,6,202.604858
4.46148,16,202.699717
2.950586,11,202.784586
-0.146783,2,202.848278
9.908529,31,202.973942
-0.5,1,203.036208
1.231897,6,203.11012
4.618414,17,203.207978
-0.5,1,203.26983
1.695025,8,203.346431
4.332085,17,203.443472
1.16999,6,203.515311
0.721532,5,203.585479
0.162808,3,203.65022
2.250425,9,203.728319
0.963066,6,203.802361
0.172965,3,203.867717
0.123877,3,203.934374
2.123699,9,204.014189
0.281914,4,204.083423
8.936057,31,204.210861
0.054908,3,204.277596
2.984655,11,204.36069
0.518005,4,204.43048
-0.18182,2,204.493591
2.931028,12,204.580304
5.875887,18,204.679164
10.384923,33,204.80874
4.283848,15,204.90201
0.162007,3,204.968748
-0.5,1,205.030702
1.92944,9,205.110311
1.427615,7,205.185462
8.765713,27,205.302667
14.571867,43,205.45424
0.179102,3,205.521575
7.617447,25,205.63479
-0.177937,2,205.699117
6.421448,22,205.805964
0.821565,5,205.878326
-0.5,1,205.941205
4.02209,14,206.031346
0.744781,5,206.102282
10.669375,35,206.23878
0.177638,3,206.307256
-0.218902,2,206.370454
2.895349,11,206.454337
3.827151,15,206.548949
2.80515,11,206.63352
3.402462,13,206.724061
0.453098,4,206.794165
-0.5,1,206.855214
5.629241,19,206.954364
1.391316,7,207.028951
0.713951,5,207.099928
6.788061,23,207.210135
2.030322,9,207.290973
0.160658,3,207.357568
1.728632,8,207.434045
1.782676,8,207.512281
0.571522,4,207.581047
9.89705,32,207.709585
5.945346,21,207.815751
10.553723,34,207.950785
11.103689,37,208.090917
-0.164688,2,208.156335
-0.167988,2,208.220317
12.989863,40,208.362421
0.400804,4,208.431401
1.210382,6,208.504214
15.53699,46,208.660217
16.745298,53,208.832194
0.196509,3,208.899099
-0.182221,2,208.962196
0.139563,3,209.027687
-0.15183,2,209.091106
7.105818,24,209.201428
5.695055,19,209.30242
4.523897,17,209.400285
8.890683,26,209.516163
2.315203,9,209.596753
0.154077,3,209.66374
-0.5,1,209.725514
1.820686,9,209.803293
-0.188249,2,209.867188
-0.15919,2,209.930358
0.56696,4,209.997804
4.605023,16,210.092272
1.076034,6,210.165073
5.656157,19,210.266469
2.838395,11,210.349445
1.238543,7,210.424782
-0.181774,2,210.489836
-0.5,1,210.55261
0.744641,5,210.622884
1.080287,6,210.695603
8.149937,27,210.813307
0.149399,3,210.881596
0.392732,4,210.94906
5.301082,17,211.045209
10.273708,31,211.171587
2.333391,9,211.25273
16.261276,50,211.417969
0.051424,3,211.485035
2.956215,12,211.571262
6.440037,21,211.675316
3.00523,11,211.758886
8.790783,28,211.87806
3.281951,12,211.963729
13.243487,39,212.10708
-0.5,1,212.168911
2.419841,10,212.250501
-0.163318,2,212.315062
0.90311,5,212.386756
3.916727,14,212.477511
0.192367,3,212.834316
4.665155,17,212.935842
-0.5,1,213.003348
0.476135,4,213.073463
0.920963,6,213.144897
4.632297,16,213.240136
0.212474,3,213.305916
-0.211275,2,213.369319
3.625252,13,213.458035
-0.5,1,213.519357
11.158922,36,213.656557
3.1439,11,213.739618
-0.175356,2,213.80355
-0.5,1,213.865198
5.150488,18,213.962783
15.585192,45,214.12132
2.114827,9,214.200635
12.041437,37,214.339636
4.271469,15,214.431826
8.999211,30,214.566994
2.785105,11,214.652005
2.055956,8,214.729815
4.151317,15,214.822161
3.805668,14,214.912367
1.800913,8,214.989523
1.23614,6,215.064487
3.596035,13,215.17623
7.800626,28,215.296449
0.528723,4,215.368576
0.564611,4,215.442587
0.976521,6,215.51965
3.134187,12,215.613826
0.910342,5,215.684779
28.437039,78,215.914578
3.334539,13,216.008283
3.820573,14,216.099907
1.137698,6,216.174193
4.146477,15,216.265523
17.237729,47,216.439109
0.155353,3,216.508903
3.581601,14,216.600652
-0.175774,2,216.667951
1.583043,7,216.749784
2.170588,9,216.837365
1.249296,8,216.917277
-0.162735,2,216.985824
4.052507,14,217.076526
3.467189,13,217.165421
-0.34179,2,217.231216
4.741412,17,217.326967
2.769177,12,217.418323
-0.5,1,217.484692
4.204102,15,217.58022
16.630221,50,217.861922
27.848328,81,218.104807
1.275262,7,218.184694
-0.5,1,218.249372
10.766683,34,218.384629
5.788659,19,218.493341
0.030752,3,218.573911
2.827001,11,218.675269
0.361884,4,218.755138
4.086342,15,218.847624
2.647752,12,218.936605
-0.164894,2,219.002998
1.124472,6,219.079109
9.986793,30,219.209313
0.512355,4,219.279806
0.564642,4,219.349418
-0.159244,2,219.416426
2.243765,9,219.494853
8.906877,28,219.625543
4.070435,15,219.734026
2.377129,10,219.817371
7.654573,24,219.942772
1.948377,8,220.069048
0.81422,5,220.160888
0.698847,5,220.285019
-0.172702,2,220.388769
3.486523,15,220.486271
-0.181647,2,220.549995
4.065829,14,220.641242
-0.176649,2,220.705848
10.28096,34,220.836672
2.054138,9,220.91485
0.818513,5,220.985434
4.43988,15,221.094399
5.749933,20,221.211863
1.143854,6,221.285222
0.724742,5,221.355797
2.610166,11,221.446013
1.692751,8,221.534005
14.804085,43,221.698395
5.129515,18,221.798637
6.791009,22,221.916905
0.330023,4,221.992956
7.541463,27,222.114701
-0.28168,2,222.180481
-0.5,1,222.248488
6.395102,24,222.37076
0.724949,5,222.445331
-0.5,1,222.506895
1.778084,8,222.582558
2.253999,9,222.662127
-0.5,1,222.724784
4.026448,15,222.818372
14.105384,43,222.983381
8.788922,28,223.107286
0.540742,4,223.179248
8.856078,29,223.313702
-0.010435,3,223.384922
6.482137,20,223.487044
3.62434,13,223.577309
3.095107,11,223.672048
36.057698,101,223.9467
8.506747,29,224.068524
5.834934,22,224.177317
-0.203708,2,224.241049
2.276554,10,224.320169
1.462626,7,224.394901
7.300289,25,224.51325
1.037131,6,224.591992
4.617598,15,224.689444
3.793598,15,224.780318
5.293832,18,224.878794
3.075372,12,224.967193
-0.5,1,225.029735
0.45365,4,225.097441
7.700522,24,225.209121
4.129657,15,225.301823
4.080413,14,225.392823
0.53682,4,225.468909
12.547597,42,225.617914
2.168905,9,225.70096
5.724941,19,225.801303
0.441299,4,225.869254
-0.5,1,225.931411
6.513859,21,226.062347
9.022377,29,226.208452
2.446884,10,226.296968
13.200912,40,226.757288
8.000897,28,226.884915
14.710842,42,227.041442
2.833553,11,227.125464
2.189934,9,227.207541
1.898517,9,227.289385
5.337339,20,227.395199
1.40562,7,227.471602
1.873333,8,227.551112
10.946199,33,227.684721
11.04563,36,227.822923
1.888319,8,227.901289
4.478934,17,227.998751
15.590102,43,228.154975
0.053979,3,228.224202
3.795704,13,228.31172
1.688038,8,228.38925
1.512169,8,228.466974
13.977096,41,228.6157
24.973745,71,228.826791
19.73935,59,229.013366
-0.162241,2,229.079075
2.312668,10,229.158997
-0.5,1,229.223045
10.365591,32,229.351008
27.625759,75,229.571358
0.139637,3,229.638497
13.807661,40,229.783925
11.553189,35,229.922061
1.674425,7,229.997875
5.735692,21,230.102497
2.175209,10,230.183281
-0.5,1,230.246227
2.792112,12,230.331032
13.131359,40,230.48072
-0.5,1,230.545795
-0.5,1,230.61328
6.379971,23,230.722547
6.965581,23,230.832178
15.541121,46,230.991632
4.282541,16,231.087793
10.924663,37,231.228493
-0.163593,2,231.29616
-0.177271,2,231.359236
-0.153419,2,231.422158
4.076706,14,231.510851
-0.179674,2,231.574607
3.305564,13,231.661405
1.420343,7,231.736053
5.170286,18,231.833306
7.554092,27,231.950032
1.096136,6,232.02289
2.177221,9,232.101777
3.079201,12,232.185663
14.949379,48,232.347976
4.652715,17,232.445012
0.057008,3,232.512257
4.089226,15,232.604188
-0.5,1,232.668449
2.861367,11,232.75647
6.061072,20,232.859301
3.784081,13,232.946
9.510839,30,233.068782
12.405871,35,233.204886
0.166001,3,233.276905
3.265549,12,233.36398
3.015786,12,233.455514
1.907849,9,233.533913
5.089278,18,233.633018
6.587829,22,233.740612
2.365451,9,233.821832
-0.5,1,233.883036
25.241909,68,234.088151
2.167562,9,234.167897
2.606144,10,234.249341
1.730162,8,234.325459
1.2269,6,234.395713
1.50043,7,234.469964
2.310547,10,234.550972
4.084327,15,234.642511
3.900089,14,234.734278
1.89112,8,234.81626
28.46481,80,235.055675
0.045175,3,235.123809
4.474569,16,235.218447
15.288614,45,235.372237
1.426271,7,235.447175
-0.154032,2,235.510476
1.687603,8,235.587676
5.07355,17,235.682875
2.300644,10,235.763853
-0.155416,2,235.825367
3.68862,13,235.913159
4.829626,16,236.005918
0.935064,5,236.076114
2.21794,9,236.155504
-0.154866,2,236.219642
-0.5,1,236.280253
1.124337,6,236.355412
-0.5,1,236.419863
5.781085,19,236.51963
0.106721,3,236.584547
1.924057,9,236.662672
0.114398,3,236.727298
0.435148,4,236.796502
0.165838,3,236.863686
4.220549,15,236.956227
15.301501,44,237.121954
4.286105,15,237.215801
1.91309,8,237.292843
1.918039,8,237.371268
-0.5,1,237.432265
12.667748,37,237.571021
5.732478,19,237.672494
2.030673,8,237.749698
3.174084,14,237.83979
24.794413,68,238.041073
4.542144,17,238.138581
1.236929,6,238.210718
5.612076,20,238.316654
16.537839,48,238.77731
8.857948,29,238.905087
5.418978,20,239.017188
25.043428,68,239.222067
2.649958,11,239.306252
8.922762,27,239.425413
-0.179787,2,239.489697
1.872702,8,239.582238
2.795569,11,239.67093
3.519323,13,239.759834
14.516486,42,239.918539
12.335612,36,240.057285
-0.179437,2,240.122609
0.460278,4,240.195229
9.390727,30,240.335185
8.785908,27,240.464634
1.153849,6,240.538995
-0.5,1,240.601845
0.145899,3,240.667103
-0.5,1,240.734792
0.531337,4,240.811505
0.141001,3,240.885314
0.924263,5,240.958251
8.755686,26,241.079701
-0.5,1,241.14986
8.443045,27,241.280173
13.684929,43,241.432118
3.540798,14,241.522789
-0.173375,2,241.587148
3.845572,13,241.674929
1.095981,6,241.747829
-0.208692,2,241.811524
6.30082,23,241.920318
5.424362,18,242.025703
8.070954,26,242.149228
1.597171,8,242.232907
1.819543,9,242.312698
-0.5,1,242.373912
10.662516,33,242.504585
-0.5,1,242.566585
1.138725,6,242.638505
1.679318,8,242.716255
2.988143,12,242.800603
19.338024,59,242.985183
4.828703,17,243.082614
14.81696,46,243.239468
8.613815,26,243.354112
3.026429,11,243.437478
1.719717,8,243.513595
12.50892,37,243.653222
5.405917,17,243.748477
30.757499,84,243.982096
0.732605,5,244.052019
3.048812,12,244.138048
6.973055,23,244.255672
12.113262,38,244.423316
0.943604,6,244.496658
0.426334,4,244.566038
3.832406,14,244.657919
2.923416,11,244.741823
33.258766,98,245.007917
4.266665,15,245.101522
9.78695,29,245.232067
1.3809,7,245.311243
1.206526,6,245.388282
5.231802,19,245.491204
10.912175,41,245.639306
43.579558,120,245.954815
0.506307,4,246.023938
2.221249,10,246.104162
2.97881,11,246.193776
3.009876,12,246.278772
24.407713,72,246.491888
10.406075,32,246.624154
0.687147,5,246.694576
5.859702,20,246.827687
8.361345,28,246.961659
0.38069,4,247.031449
4.276485,15,247.127383
12.021218,38,247.271697
11.079441,33,247.401728
-0.5,1,247.462609
1.162911,6,247.538336
2.001968,8,247.619262
-0.157737,2,247.685255
3.921595,16,247.78011
5.214859,18,247.877431
1.087821,6,247.952035
9.26147,30,248.07808
9.40583,30,248.201551
25.333274,72,248.420789
12.822102,39,248.585534
10.411184,34,248.72317
7.036882,22,248.831025
10.716462,35,248.965811
0.201341,3,249.034589
4.668075,17,249.135645
1.509805,7,249.508104
3.517027,13,249.61658
-0.155011,2,249.69523
11.085406,33,249.827976
32.30706,93,250.096683
-0.146778,2,250.165308
12.709176,39,250.318431
3.354311,13,250.40794
25.299994,69,250.624004
0.188102,3,250.695835
16.107158,48,250.86728
15.496902,46,251.033279
-0.16683,2,251.098494
52.412144,160,251.5389
3.293116,14,251.636544
14.181872,44,251.805319
4.27802,15,251.908227
3.346496,12,251.996571
29.517207,85,252.243419
22.065647,64,252.460805
18.940915,57,252.649696
1.067,6,252.747249
16.611694,52,252.924582
20.093516,60,253.129192
18.036653,50,253.307265
-0.144837,2,253.381685
5.204969,18,253.484641
10.952434,32,253.613318
0.519669,4,253.692633
9.224336,28,253.819928
2.666241,11,253.903132
14.669052,46,254.06729
9.155552,28,254.218335
5.128733,17,254.345898
11.795391,37,254.497552
3.686761,13,254.593572
14.224224,42,254.778569
3.437813,13,254.882191
0.42647,4,254.954649
3.402361,13,255.041105
10.295225,30,255.187201
8.940344,27,255.331225
0.029206,3,255.407333
4.00411,14,255.512648
13.66684,39,255.673715
36.156795,98,255.962651
1.695623,8,256.049397
3.201356,12,256.142556
-0.5,1,256.207972
8.380264,27,256.336333
12.478694,38,256.495307
31.60702,85,256.752211
67.28485,184,257.217097
2.587227,11,257.30798
10.595646,34,257.445141
3.566261,13,257.534354
2.070507,9,257.633153
11.238236,34,257.789331
10.195934,32,257.92594
0.732665,5,257.999708
13.020735,38,258.141771
18.321679,51,258.628863
0.774106,5,258.712865
5.6985,20,258.820031
12.089982,41,258.993646
20.300657,56,259.277086
8.816976,27,259.40949
1.034059,6,259.489824
14.871408,46,259.653363
8.811663,30,259.7894
4.288907,16,259.886117
32.908728,86,260.128992
16.9747,52,260.316649
4.843977,18,260.426091
44.967923,120,260.756459
16.198359,46,260.913498
21.319835,61,261.10263
-0.5,1,261.164317
5.210248,18,261.265084
11.819064,38,261.415065
16.425604,48,261.584679
8.46423,27,261.701229
10.451159,31,261.836246
15.399308,45,262.009138
8.171248,28,262.130753
6.493781,22,262.240156
0.451791,4,262.308316
25.769206,78,262.532843
-0.116535,3,262.599119
9.03192,28,262.721001
-0.5,1,262.787273
6.228306,22,262.900992
19.454567,55,263.088486
8.469119,28,263.211771
37.373712,105,263.498264
-0.168402,2,263.561998
22.15056,61,263.754371
15.041264,47,263.933628
5.71756,18,264.032965
0.038242,3,264.100907
11.886237,35,264.26831
6.844225,22,264.425963
9.390011,28,264.551778
5.224395,18,264.649591
1.560674,7,264.729076
6.396602,21,264.840854
10.580735,33,264.972603
3.133228,11,265.057842
6.017762,21,265.162892
6.500898,23,265.27766
17.531383,49,265.483459
14.751967,46,265.656588
10.215951,32,265.793345
41.485599,116,266.104125
5.845903,22,266.212236
6.886617,23,266.322992
1.469011,7,266.39792
-0.5,1,266.458881
42.835349,124,266.78401
0.959811,5,266.855975
16.433714,49,267.333913
36.060151,101,267.629607
16.77264,48,267.795517
29.550681,82,268.038785
3.806573,15,268.133126
21.637842,60,268.324266
11.510776,36,268.467876
0.190953,3,268.535382
2.223908,10,268.617945
9.139421,30,268.754142
26.658117,74,268.977046
7.954245,26,269.102375
17.358003,52,269.285125
1.361958,7,269.367809
2.367815,10,269.452579
0.009794,3,269.521741
50.998078,140,269.896497
2.431804,10,269.980307
21.728883,61,270.172043
4.709642,16,270.267577
10.439696,34,270.421797
10.528598,33,270.572145
3.368864,13,270.669433
6.246458,21,270.784128
3.056467,12,270.816194
10.261518,31,270.961979
7.52077,27,271.084531
4.139574,15,271.187863
1.424537,7,271.275939
7.935488,26,271.397358
0.687564,5,271.470961
8.403475,28,271.59181
2.056913,9,271.672749
10.345989,32,271.800604
7.795752,25,271.943381
7.185492,22,272.065636
35.995806,95,272.374772
22.467452,65,272.588334
45.187627,121,272.907825
38.986088,106,273.193825
5.706774,19,273.295772
13.90876,44,273.449509
12.520085,39,273.59629
16.688594,51,273.766249
17.803088,50,273.936415
0.498852,4,274.007731
2.161002,9,274.087589
2.152384,9,274.167123
19.118793,59,274.358113
1.360173,7,274.436373
0.463191,4,274.504513
15.621909,46,274.66302
7.574801,25,274.777915
17.051764,53,274.955667
44.925267,123,275.565596
12.306046,37,275.711873
20.700992,59,275.898251
9.397159,33,276.041156
6.445386,22,276.149698
5.26635,18,276.250643
28.112785,75,276.476199
38.14546,107,276.772419
1.714821,8,276.888259
27.269411,75,277.141902
11.541658,38,277.290092
21.618518,62,277.492197
3.17047,12,277.581865
22.685687,70,277.803577
49.03278,138,278.177073
17.862303,54,278.35426
2.955025,11,278.438887
7.758837,24,278.554176
6.204836,20,278.658159
16.963749,52,278.832264
6.384633,21,278.939554
42.998299,115,279.247423
6.972248,22,279.355883
18.169691,51,279.527218
4.759294,17,279.626816
7.735193,30,279.755259
7.021404,23,279.867599
75.503718,204,280.369645
6.378686,20,280.47339
1.810163,8,280.55283
41.542382,111,280.852782
143.919706,415,281.808477
62.702136,165,282.547712
9.272707,31,282.675998
129.797833,351,283.484355
2.576726,10,283.565683
18.482859,51,283.737687
5.421973,19,283.838999
2.641748,11,283.924009
11.662171,36,284.061352
11.805183,35,284.197073
38.251088,104,284.478927
16.745833,50,284.647395
12.814163,38,284.79039
80.345887,233,285.352762
88.024262,258,285.96694
5.538844,20,286.070078
9.818242,32,286.198409
0.064192,3,286.264238
50.176509,143,286.629012
17.109415,50,286.797913
2.01506,9,286.877529
20.781907,58,287.061827
17.649867,49,287.22582
0.481601,4,287.294904
16.082936,50,287.46198
6.939946,24,287.574447
18.264033,52,287.746578
36.501508,108,288.038482
56.834663,160,288.739727
3.528157,13,288.833717
23.660872,67,289.038088
1.188161,6,289.111658
96.841549,279,289.773099
11.192443,35,289.908861
1.706915,8,289.987014
0.811607,5,290.056352
6.250212,22,290.163669
21.865363,62,290.359424
25.504813,75,290.579256
5.498987,18,290.678841
55.34129,152,291.066608
0.038317,3,291.133594
27.01462,76,291.35673
27.101698,77,291.583762
6.128869,21,291.688084
21.625038,64,291.886175
18.093471,52,292.056844
41.009774,114,292.361795
37.407051,99,292.636472
3.421306,13,292.724091
15.974135,46,292.885236
50.842895,133,293.230817
4.33036,15,293.322301
34.030853,100,293.593432
68.276552,185,294.053947
78.202789,215,294.580042
4.647575,16,294.677212
0.182351,3,294.744842
6.894598,23,294.853336
24.497289,77,295.397269
99.441505,271,296.046406
22.610735,70,296.259155
3.476297,13,296.346932
51.012667,138,296.702541
34.776792,93,296.96508
42.039627,122,297.290937
10.68708,35,297.42851
29.992468,86,297.675577
60.594227,171,298.102484
13.244751,40,298.249107
31.601415,92,298.507129
2.286812,10,298.588638
48.740992,134,298.94072
25.486611,72,299.159939
8.087355,27,299.279297
21.071079,59,299.468444
61.114607,166,299.88839
48.877012,134,300.238794
1.241284,6,300.312498
24.786801,73,300.531777
2.054193,9,300.612424
6.633869,22,300.721699
13.06361,40,300.86886
5.277012,19,300.975741
20.334131,59,301.164183
50.709106,139,301.831773
133.616557,359,302.693234
33.025632,91,302.963406
1.945925,8,303.041285
3.155603,12,303.12647
2.283753,10,303.206964
9.411569,32,303.334818
39.752829,111,303.634738
29.886477,88,303.883845
32.893484,89,304.134224
66.566595,181,304.623529
1.060121,6,304.704038
172.239228,497,305.888505
10.390443,32,306.04643
17.64025,53,306.240284
24.710217,69,306.481939
187.70978,562,308.260456
21.170283,62,308.476213
6.984686,26,308.604095
17.994526,52,308.79382
9.174165,27,308.926535
42.02789,115,309.266906
175.374675,508,310.513351
8.449601,27,310.642743
39.569308,103,310.931595
50.693068,140,311.298609
2.483495,10,311.382545
77.879295,219,311.931401
104.078953,284,312.606434
4.93123,17,312.716002
41.113743,112,313.05008
9.528472,32,313.185248
157.141441,449,314.538714
10.407549,33,314.673634
91.067968,260,315.30412
5.401477,19,315.40777
93.638055,254,316.048881
16.735581,52,316.224845
118.55738,329,317.003977
75.804765,204,317.511892
15.876552,52,317.687555
98.28049,273,318.344614
44.682686,125,318.709406
63.254992,171,319.462107
25.129209,72,319.68047
5.023754,17,319.779097
40.837964,109,320.076962
20.624946,57,320.264253
200.153072,571,321.588821
169.368439,508,322.781075
41.388656,112,323.082913
5.343737,18,323.181551
15.862498,45,323.338512
56.34572,157,323.738939
13.126295,41,323.889445
82.639701,221,324.727741
21.879981,63,324.961551
136.476056,368,325.843307
115.770809,331,326.627041
72.452195,196,327.122765
44.84345,122,327.463681
15.42292,48,327.645669
2.864435,11,327.731399
126.455273,351,328.558167
28.574555,82,328.800167
30.502743,84,329.048784
174.238884,521,330.603843
154.926007,444,331.634916
6.258979,19,331.739825
34.611769,102,332.023812
78.624655,218,332.573193
61.851929,167,333.005411
9.532602,31,333.13192
14.220359,44,333.288524
197.332012,568,334.590517
60.872479,174,335.026598
182.763024,514,336.558029
0.531845,4,336.626304
77.753894,203,337.122424
43.40292,120,337.446528
21.730981,61,337.639771
279.063444,814,339.447269
60.965155,174,339.880444
82.315253,232,340.435057
40.970078,111,341.015349
229.796151,654,342.474552
81.572771,233,343.031727
69.792238,189,343.496616
24.753927,70,343.705676
359.966506,1088,346.403392
126.931365,348,347.20601
383.070668,1128,349.681493
235.069497,700,351.515288
46.408537,128,351.850693
28.957648,84,352.091297
26.410584,71,352.304398
26.444902,73,352.519915
191.269854,559,353.798842
123.420802,335,354.612894
15.119194,44,354.772274
17.633944,51,354.952834
13.492442,40,355.105616
172.336251,499,356.569568
57.684695,151,356.970149
59.834679,158,357.37093
266.106727,806,359.19269
363.185182,1087,361.99596
52.793426,150,362.380709
72.824819,205,362.899319
173.854065,471,363.983658
181.498941,518,365.26401
125.707004,346,366.102117
159.909905,476,367.631368
5.390294,18,367.729721
54.181073,154,368.125612
52.054444,143,368.498379
200.515444,578,369.809788
241.896908,703,371.712674
290.466129,848,373.642672
102.040357,281,374.303497
153.613966,426,375.27909
234.055902,692,377.107008
130.06501,372,377.982121
182.16094,511,379.140797
113.781488,335,379.92247
184.668913,537,381.136272
214.26497,617,382.814981
92.819449,251,383.414441
8.631897,27,383.533405
723.293009,2170,388.663964
32.70345,91,388.918935
17.26638,50,389.088131
266.092655,802,390.866938
367.461076,1085,393.537524
334.543603,1014,395.763914
13.83749,41,395.91259
16.990723,54,396.087919
28.68745,80,396.60742
66.708644,175,397.049812
61.136017,171,397.478246
335.964504,1016,399.716459
256.585151,774,401.713936
268.367306,809,403.51202
364.19724,1092,405.934388
185.046243,540,407.451371
105.078519,292,408.13703
38.952772,105,408.424166
275.940413,800,410.201683
95.667563,267,410.834151
49.235992,137,411.46568
746.082096,2252,416.603482
301.042171,910,418.611841
153.622767,428,419.583422
360.950588,1090,422.285177
57.940241,157,422.689787
1041.755078,3109,429.698379
175.611626,512,431.148337
261.302604,803,432.925829
1176.930138,3570,441.205708
186.83655,544,442.429939
36.668099,110,442.72688
172.471528,504,443.86855
170.117463,516,445.319814
131.383082,353,446.135181
277.101727,825,447.965369
1000.619644,2987,454.98893
34.664645,91,455.243756
134.344163,381,456.121986
373.787808,1094,458.536262
599.656556,1843,462.842706
