time/fps,rollout/exploration_rate,rollout/ep_rew_mean,time/episodes,time/time_elapsed,time/total_timesteps,rollout/ep_len_mean,train/n_updates,train/learning_rate,train/loss
11,0.9962000000000004,0.143146,1,0,4,4.0,,,
12,0.9914499999999999,0.223207,2,0,9,4.5,,,
11,0.9886000000000003,0.08274799999999999,3,1,12,4.0,,,
10,0.9847999999999996,0.18018574999999998,4,1,16,4.0,,,
11,0.9800500000000001,0.27426639999999997,5,1,21,4.2,,,
11,0.9772000000000004,0.19210449999999998,6,2,24,4.0,,,
11,0.9724499999999998,0.24178571428571427,7,2,29,4.142857142857143,,,
11,0.9677000000000004,0.28545125,8,2,34,4.25,,,
11,0.9657999999999995,0.21292188888888888,9,3,36,4.0,,,
11,0.9610500000000001,0.262356,10,3,41,4.1,,,
11,0.9572500000000005,0.2622353636363636,11,3,45,4.090909090909091,,,
11,0.9553499999999997,0.22732766666666668,12,4,47,3.9166666666666665,,,
11,0.9515500000000001,0.23940692307692307,13,4,51,3.923076923076923,,,
12,0.9467999999999995,0.27779535714285714,14,4,56,4.0,,,
11,0.9448999999999997,0.24521999999999997,15,4,58,3.8666666666666667,,,
11,0.9439499999999998,0.19864374999999998,16,5,59,3.6875,,,
12,0.9335,0.3342460588235294,17,5,70,4.117647058823529,,,
13,0.9249499999999998,0.3929656111111111,18,5,79,4.388888888888889,,,
14,0.9211500000000002,0.37455057894736843,19,5,83,4.368421052631579,,,
14,0.9163999999999997,0.3769406,20,6,88,4.4,,,
14,0.9135500000000001,0.3560218095238095,21,6,91,4.333333333333333,,,
14,0.9107000000000003,0.3383424090909091,22,6,94,4.2727272727272725,,,
14,0.9049999999999999,0.328246,23,6,100,4.3478260869565215,,,
14,0.90405,0.29373575,24,7,101,4.208333333333333,,,
14,0.9002500000000004,0.30013148,25,7,105,4.2,,,
14,0.8973999999999998,0.2788074230769231,26,7,108,4.153846153846154,,,
14,0.89455,0.26467440740740744,27,7,111,4.111111111111111,,,
14,0.8878999999999997,0.3054112857142858,28,8,118,4.214285714285714,,,
14,0.88505,0.29303862068965525,29,8,121,4.172413793103448,,,
14,0.8831500000000002,0.27178520000000006,30,8,123,4.1,,,
14,0.8812500000000004,0.2534922580645162,31,8,125,4.032258064516129,,,
15,0.8717500000000005,0.29221384375,32,8,135,4.21875,,,
15,0.8688999999999997,0.2868592727272727,33,9,138,4.181818181818182,,,
15,0.8632000000000003,0.3013729117647058,34,9,144,4.235294117647059,,,
15,0.8613000000000005,0.28562034285714283,35,9,146,4.171428571428572,,,
15,0.8584499999999998,0.27790491666666667,36,9,149,4.138888888888889,,,
15,0.8556000000000001,0.270101,37,9,152,4.108108108108108,,,
16,0.8451500000000002,0.34014505263157896,38,10,163,4.2894736842105265,,,
16,0.8423000000000005,0.32860617948717946,39,10,166,4.256410256410256,,,
16,0.8394499999999998,0.32374372500000004,40,10,169,4.225,,,
15,0.8384999999999998,0.3036524146341464,41,10,170,4.146341463414634,,,
15,0.8356500000000002,0.29756626190476193,42,10,173,4.119047619047619,,,
15,0.8328000000000005,0.29095,43,11,176,4.093023255813954,,,
16,0.8233000000000005,0.3356187954545455,44,11,186,4.2272727272727275,,,
16,0.8157000000000003,0.3570235333333333,45,11,194,4.311111111111111,,,
16,0.8147500000000004,0.33839258695652175,46,11,195,4.239130434782608,,,
16,0.8090499999999999,0.3322302978723404,47,12,201,4.276595744680851,,,
16,0.8052500000000004,0.3343300208333333,48,12,205,4.270833333333333,,,
16,0.8023999999999997,0.3305040612244898,49,12,208,4.244897959183674,,,
16,0.79955,0.32477469999999997,50,12,211,4.22,,,
16,0.7957500000000004,0.3280428431372549,51,13,215,4.215686274509804,,,
16,0.7900499999999999,0.3292950384615384,52,13,221,4.25,,,
16,0.7872000000000002,0.31961658490566036,53,13,224,4.226415094339623,,,
16,0.7824499999999998,0.31712568518518514,54,13,229,4.2407407407407405,,,
16,0.7786500000000001,0.3166224363636363,55,13,233,4.236363636363636,,,
16,0.7767500000000004,0.3065187857142857,56,14,235,4.196428571428571,,,
16,0.7729499999999997,0.30817945614035086,57,14,239,4.192982456140351,,,
16,0.7710499999999999,0.2985649310344828,58,14,241,4.155172413793103,,,
16,0.7691500000000001,0.29172305084745764,59,14,243,4.11864406779661,,,
16,0.7653500000000005,0.28907481666666673,60,15,247,4.116666666666666,,,
16,0.7624999999999997,0.2844000655737705,61,15,250,4.098360655737705,,,
16,0.7577500000000004,0.2881267903225807,62,15,255,4.112903225806452,,,
16,0.7529999999999998,0.29434388888888896,63,15,260,4.126984126984127,,,
16,0.7473000000000004,0.30199471875,64,16,266,4.15625,,,
16,0.7463500000000005,0.2896563384615385,65,16,267,4.107692307692307,,,
16,0.7434999999999998,0.2884479090909091,66,16,270,4.090909090909091,,,
16,0.7378000000000005,0.290526656716418,67,16,276,4.119402985074627,,,
16,0.73305,0.29379805882352944,68,17,281,4.132352941176471,,,
16,0.7302000000000002,0.2908871449275363,69,17,284,4.115942028985507,,,
16,0.7254499999999997,0.2927667142857144,70,17,289,4.128571428571429,,,
16,0.7216500000000001,0.28740971830985923,71,17,293,4.126760563380282,,,
16,0.7207000000000001,0.2764734722222222,72,18,294,4.083333333333333,,,
16,0.7112000000000003,0.298073301369863,73,18,304,4.164383561643835,,,
16,0.7073999999999996,0.29506268918918915,74,18,308,4.162162162162162,,,
16,0.7045499999999998,0.2925384,75,19,311,4.1466666666666665,,,
16,0.7017000000000002,0.28871027631578944,76,19,314,4.131578947368421,,,
16,0.6959999999999997,0.29556264935064935,77,19,320,4.1558441558441555,,,
16,0.6931500000000002,0.29315599999999997,78,19,323,4.141025641025641,,,
16,0.6903000000000004,0.29200249367088604,79,20,326,4.1265822784810124,,,
16,0.6874499999999997,0.2886162625,80,20,329,4.1125,,,
15,0.6855499999999999,0.2828375308641975,81,20,331,4.08641975308642,,,
15,0.6827000000000001,0.272626487804878,82,20,334,4.073170731707317,,,
15,0.6817500000000003,0.263317734939759,83,21,335,4.036144578313253,,,
15,0.6788999999999996,0.2607912023809524,84,21,338,4.023809523809524,,,
15,0.6760499999999998,0.2587010470588235,85,21,341,4.011764705882353,,,
15,0.6732000000000001,0.25567925581395345,86,22,344,4.0,,,
15,0.6713000000000005,0.24997288505747123,87,22,346,3.9770114942528734,,,
15,0.6684499999999997,0.2492811818181818,88,22,349,3.965909090909091,,,
15,0.6637000000000002,0.2531369325842696,89,23,354,3.9775280898876404,,,
15,0.6608500000000005,0.2506112555555555,90,23,357,3.966666666666667,,,
15,0.6560999999999999,0.2549467692307692,91,23,362,3.978021978021978,,,
15,0.6523000000000003,0.25100613043478254,92,23,366,3.9782608695652173,,,
15,0.6447000000000002,0.2650745591397849,93,24,374,4.021505376344086,,,
15,0.6399499999999996,0.2649012234042553,94,24,379,4.031914893617022,,,
15,0.6371,0.26295695789473683,95,24,382,4.021052631578947,,,
15,0.6333000000000004,0.26419915625,96,25,386,4.020833333333333,,,
15,0.6294999999999997,0.26254920618556704,97,25,390,4.020618556701031,,,
15,0.6228500000000005,0.27048945918367345,98,25,397,4.051020408163265,,,
15,0.6209499999999997,0.26616854545454544,99,25,399,4.03030303030303,,,
15,0.60765,0.29513286,100,26,413,4.13,,,
15,0.6057500000000002,0.29204251,101,26,415,4.11,,,
15,0.6048000000000002,0.28400983,102,26,416,4.07,,,
15,0.6019499999999995,0.28604799,103,27,419,4.07,,,
15,0.5953000000000004,0.28936391,104,27,426,4.1,,,
15,0.5914999999999997,0.28190270999999995,105,27,430,4.09,,,
15,0.5895999999999999,0.28201425999999996,106,27,432,4.08,,,
15,0.5848500000000004,0.27800186,107,28,437,4.08,,,
15,0.5763000000000003,0.28032089,108,28,446,4.12,,,
15,0.5753500000000005,0.27899401999999995,109,28,447,4.11,,,
15,0.5724999999999996,0.2712689,110,29,450,4.09,,,
15,0.5705999999999999,0.26664490999999996,111,29,452,4.07,,,
15,0.5668000000000002,0.26919578,112,29,456,4.09,,,
15,0.5639499999999995,0.26503572,113,30,459,4.08,,,
15,0.5629999999999997,0.25226727,114,30,460,4.04,,,
14,0.5620499999999997,0.24937562,115,30,461,4.03,,,
14,0.5563500000000003,0.26407419,116,31,467,4.08,,,
14,0.55065,0.24759933999999997,117,31,473,4.03,,,
14,0.5468500000000003,0.23530591,118,31,477,3.98,,,
14,0.5430499999999998,0.24036109999999997,119,32,481,3.98,,,
14,0.5383000000000002,0.23871779999999995,120,32,486,3.98,,,
15,0.5307,0.25043968,121,32,494,4.03,,,
15,0.5288000000000003,0.24898340999999996,122,32,496,4.02,,,
15,0.5212000000000001,0.25741542999999995,123,33,504,4.04,,,
15,0.5174000000000005,0.26589524,124,33,508,4.07,,,
15,0.5145499999999996,0.26254027,125,33,511,4.06,,,
15,0.5098000000000003,0.27330435999999997,126,33,516,4.08,,,
15,0.5069499999999996,0.27579118999999996,127,34,519,4.08,,,
15,0.5050499999999998,0.25828347,128,34,521,4.03,,,
15,0.5040999999999998,0.25381743,129,34,522,4.01,,,
15,0.50315,0.25226307,130,34,523,4.0,,,
15,0.4993500000000003,0.25991211,131,35,527,4.02,,,
15,0.4964999999999996,0.24342443000000002,132,35,530,3.95,,,
15,0.4936499999999999,0.24087360000000005,133,35,533,3.95,,,
15,0.48985000000000034,0.23731499,134,35,537,3.93,,,
15,0.48604999999999976,0.23874474999999998,135,35,541,3.95,,,
15,0.48319999999999996,0.23255264999999997,136,36,544,3.95,,,
15,0.4784500000000005,0.23791533999999995,137,36,549,3.97,,,
15,0.4765499999999997,0.20564358,138,36,551,3.88,,,
15,0.4727500000000001,0.20944652999999996,139,36,555,3.89,,,
15,0.46895000000000053,0.20901131999999997,140,37,559,3.9,,,
15,0.46704999999999963,0.21094469999999998,141,37,561,3.91,,,
15,0.4575499999999997,0.23103569999999998,142,37,571,3.98,,,
15,0.4556499999999999,0.22921244,143,37,573,3.97,,,
15,0.4518500000000003,0.20567492999999998,144,38,577,3.91,,,
15,0.4489999999999996,0.19219309000000004,145,38,580,3.86,,,
15,0.44140000000000035,0.21326098,146,38,588,3.93,,,
15,0.43664999999999987,0.21759166,147,38,593,3.92,,,
15,0.4338000000000002,0.21470658,148,39,596,3.91,,,
15,0.4328500000000003,0.20823799999999998,149,39,597,3.89,,,
15,0.4271499999999999,0.21498327,150,39,603,3.92,,,
15,0.4261999999999999,0.20506876999999998,151,39,604,3.89,,,
15,0.42335000000000034,0.20064289999999996,152,39,607,3.86,,,
15,0.42145000000000044,0.1998423,153,40,609,3.85,,,
15,0.41859999999999975,0.19817762000000003,154,40,612,3.83,,,
15,0.41764999999999985,0.19028315000000004,155,40,613,3.8,,,
15,0.4129000000000004,0.19532051,156,40,618,3.83,,,
15,0.40150000000000063,0.21752982000000004,157,41,630,3.91,,,
15,0.39769999999999994,0.22607829000000002,158,41,634,3.93,,,
15,0.39390000000000036,0.23088852000000004,159,41,638,3.95,,,
15,0.3900999999999998,0.23110373000000006,160,41,642,3.95,,,
15,0.3872500000000001,0.22727348000000003,161,41,645,3.95,,,
15,0.3844000000000003,0.22160647,162,42,648,3.93,,,
15,0.3815499999999996,0.21472456,163,42,651,3.91,,,
15,0.37775000000000003,0.20856081000000004,164,42,655,3.89,,,
15,0.37204999999999955,0.21534042000000003,165,42,661,3.94,,,
15,0.3644500000000005,0.22548408000000003,166,43,669,3.99,,,
15,0.3615999999999997,0.21919111000000002,167,43,672,3.96,,,
15,0.35780000000000023,0.21758099,168,43,676,3.95,,,
15,0.3539999999999994,0.22157007,169,43,680,3.96,,,
15,0.35114999999999974,0.21833955999999996,170,44,683,3.94,,,
15,0.34735000000000027,0.22298347,171,44,687,3.94,,,
15,0.3416499999999999,0.23687406,172,44,693,3.99,,,
15,0.3378500000000002,0.22216530999999995,173,44,697,3.93,,,
15,0.3349999999999994,0.22103628999999997,174,45,700,3.92,,,
15,0.33214999999999983,0.22041598,175,45,703,3.92,,,
15,0.32930000000000015,0.21791379,176,45,706,3.92,,,
15,0.32359999999999967,0.21940292,177,45,712,3.92,,,
15,0.3179000000000003,0.22497032,178,45,718,3.95,,,
15,0.3150499999999996,0.22258172,179,46,721,3.95,,,
15,0.3131499999999998,0.22031491,180,46,723,3.94,,,
15,0.31125,0.22015103,181,46,725,3.94,,,
15,0.30555000000000065,0.22733058,182,46,731,3.97,,,
15,0.30269999999999986,0.23319016000000004,183,47,734,3.99,,,
15,0.2950999999999997,0.24256976000000005,184,47,742,4.04,,,
15,0.2913,0.24234864000000006,185,47,746,4.05,,,
15,0.2884500000000003,0.24297867000000004,186,47,749,4.05,,,
15,0.2865500000000005,0.24340284000000006,187,47,751,4.05,,,
15,0.28464999999999974,0.23892403,188,48,753,4.04,,,
15,0.27990000000000026,0.24104953000000007,189,48,758,4.04,,,
15,0.2760999999999997,0.24477520000000003,190,48,762,4.05,,,
15,0.27325,0.23829926,191,48,765,4.03,,,
15,0.2665999999999996,0.25407137,192,48,772,4.06,,,
15,0.2656499999999997,0.23347767,193,49,773,3.99,,,
15,0.26374999999999993,0.22788404000000004,194,49,775,3.96,,,
15,0.25804999999999956,0.23641253000000004,195,49,781,3.99,,,
15,0.25519999999999987,0.23394307,196,49,784,3.98,,,
15,0.25424999999999986,0.22790153000000005,197,50,785,3.95,,,
15,0.2485500000000006,0.22814159,198,50,791,3.94,,,
15,0.2447499999999999,0.22902111000000003,199,50,795,3.96,,,
15,0.24190000000000034,0.19492484999999998,200,50,798,3.85,,,
15,0.24000000000000044,0.19466371999999998,201,51,800,3.85,,,
15,0.23714999999999975,0.20027868999999998,202,51,803,3.87,,,
15,0.2295500000000006,0.21404287,203,51,811,3.92,,,
15,0.22764999999999969,0.20454063,204,51,813,3.87,,,
15,0.22575,0.20292377000000003,205,51,815,3.85,,,
15,0.2248,0.19999927,206,52,816,3.84,,,
15,0.2219500000000003,0.19890988,207,52,819,3.82,,,
15,0.22004999999999952,0.18946902000000002,208,52,821,3.75,,,
15,0.21814999999999973,0.19278758999999998,209,52,823,3.76,,,
15,0.21340000000000026,0.19821732999999997,210,52,828,3.78,,,
15,0.20864999999999967,0.20628691999999998,211,53,833,3.81,,,
15,0.20674999999999988,0.20347189999999998,212,53,835,3.79,,,
15,0.2020000000000004,0.20765258999999997,213,53,840,3.81,,,
15,0.19914999999999972,0.21333847999999997,214,53,843,3.83,,,
15,0.19535000000000013,0.22187822000000001,215,54,847,3.86,,,
15,0.18774999999999986,0.22320531000000002,216,54,855,3.88,,,
15,0.1820500000000005,0.22450745000000003,217,54,861,3.88,,,
15,0.1810999999999996,0.2178889,218,54,862,3.85,,,
15,0.1791999999999998,0.21064734000000002,219,54,864,3.83,,,
15,0.17635000000000012,0.20620838,220,55,867,3.81,,,
15,0.17255000000000043,0.19815742,221,55,871,3.77,,,
15,0.16780000000000006,0.20528487999999995,222,55,876,3.8,,,
15,0.16400000000000037,0.19821745000000004,223,56,880,3.76,,,
15,0.16209999999999958,0.19299882999999998,224,56,882,3.74,,,
15,0.15924999999999978,0.19077115,225,56,885,3.74,,,
15,0.1554500000000003,0.18558058000000002,226,56,889,3.73,,,
15,0.15355000000000052,0.18229814,227,56,891,3.72,,,
15,0.15260000000000062,0.18075279000000002,228,57,892,3.71,,,
15,0.15069999999999972,0.18392894999999998,229,57,894,3.72,,,
15,0.14785000000000004,0.18955032,230,57,897,3.74,,,
15,0.14309999999999945,0.1910291,231,57,902,3.75,,,
15,0.14024999999999976,0.19156221,232,57,905,3.75,,,
15,0.1374000000000002,0.19493634,233,58,908,3.75,,,
15,0.13074999999999992,0.20187009,234,58,915,3.78,,,
15,0.12790000000000012,0.20328377000000003,235,58,918,3.77,,,
15,0.12600000000000044,0.20720434999999998,236,58,920,3.76,,,
15,0.12409999999999943,0.19991307,237,59,922,3.73,,,
15,0.12124999999999986,0.20119024999999996,238,59,925,3.74,,,
15,0.11840000000000017,0.19694861,239,59,928,3.73,,,
15,0.11460000000000048,0.19833801,240,59,932,3.73,,,
15,0.11269999999999969,0.19721940000000004,241,59,934,3.73,,,
15,0.1107999999999999,0.17505046000000005,242,60,936,3.65,,,
15,0.10700000000000043,0.1770389,243,60,940,3.67,,,
15,0.10319999999999963,0.18213702,244,60,944,3.67,,,
15,0.09845000000000015,0.18720954000000006,245,60,949,3.69,,,
15,0.09655000000000047,0.16861242999999998,246,61,951,3.63,,,
15,0.09179999999999988,0.17154067,247,61,956,3.63,,,
15,0.0880000000000003,0.17309428999999996,248,61,960,3.64,,,
15,0.0870500000000004,0.17309428999999998,249,61,961,3.64,,,
15,0.08324999999999982,0.16864533,250,62,965,3.62,,,
15,0.07755000000000034,0.18477677,251,62,971,3.67,,,
15,0.07279999999999998,0.19011641999999998,252,62,976,3.69,,,
15,0.06995000000000029,0.19272996999999997,253,62,979,3.7,,,
15,0.0680500000000005,0.19082247,254,63,981,3.69,,,
15,0.06424999999999981,0.20020459000000002,255,63,985,3.72,,,
15,0.060450000000000226,0.20039022999999997,256,63,989,3.71,,,
15,0.05665000000000053,0.17978335,257,63,993,3.63,,,
15,0.05190000000000017,0.17833004,258,64,998,3.64,,,
15,0.05,0.17536026999999998,259,64,1001,3.63,,,
16,0.05,0.31564198,260,64,1069,4.27,17,0.001,28.942367553710938
16,0.05,0.3144330799999999,261,65,1070,4.25,,,
16,0.05,0.30994552,262,65,1071,4.23,,,
16,0.05,0.30502938999999996,263,65,1072,4.21,,,
16,0.05,0.29835317,264,65,1073,4.18,18,0.001,28.936208724975586
16,0.05,0.29157356,265,65,1074,4.13,,,
16,0.05,0.2743309,266,66,1075,4.06,,,
16,0.05,0.27134663,267,66,1076,4.04,,,
16,0.05,0.31460347,268,66,1095,4.19,23,0.001,29.893266677856445
16,0.05,0.35702580000000006,269,67,1115,4.35,28,0.001,32.40305709838867
16,0.05,0.42420842000000003,270,67,1140,4.57,34,0.001,24.756839752197266
17,0.05,0.45602964,271,67,1155,4.68,38,0.001,26.1446590423584
17,0.05,0.51828765,272,68,1181,4.88,45,0.001,19.225507736206055
17,0.05,0.66247019,273,68,1232,5.35,57,0.001,15.279825210571289
18,0.05,0.83634348,274,69,1289,5.89,72,0.001,12.29970932006836
18,0.05,0.87448854,275,69,1305,6.02,76,0.001,18.318321228027344
18,0.05,0.8735995,276,69,1308,6.02,,,
19,0.05,1.09260353,277,70,1371,6.59,92,0.001,9.982050895690918
19,0.05,1.0904808,278,70,1375,6.57,93,0.001,10.164751052856445
19,0.05,1.0919741099999998,279,71,1378,6.57,94,0.001,14.228204727172852
19,0.05,1.09574365,280,71,1381,6.58,95,0.001,12.659257888793945
19,0.05,1.09907221,281,71,1384,6.59,,,
19,0.05,1.0989241,282,71,1387,6.56,96,0.001,12.960217475891113
19,0.05,1.0995327799999999,283,72,1390,6.56,97,0.001,9.263320922851562
19,0.05,1.09122693,284,72,1393,6.51,98,0.001,10.27880573272705
19,0.05,1.0917085599999998,285,72,1396,6.5,,,
19,0.05,1.10162846,286,72,1403,6.54,100,0.001,10.399039268493652
19,0.05,1.1053420999999999,287,72,1406,6.55,101,0.001,16.140892028808594
19,0.05,1.2204421300000001,288,73,1440,6.87,109,0.001,13.325494766235352
19,0.05,1.21869699,289,73,1445,6.87,111,0.001,8.942777633666992
19,0.05,1.21785949,290,73,1450,6.88,112,0.001,8.680768013000488
19,0.05,1.22115176,291,74,1455,6.9,113,0.001,15.72217082977295
19,0.05,1.21210478,292,74,1460,6.88,114,0.001,10.579703330993652
19,0.05,1.2214739099999998,293,74,1465,6.92,116,0.001,10.632822036743164
19,0.05,1.22475271,294,74,1468,6.93,,,
19,0.05,1.2330104599999998,295,74,1477,6.96,119,0.001,9.80763053894043
19,0.05,1.2318129,296,75,1480,6.96,,,
19,0.05,1.24186582,297,75,1485,7.0,121,0.001,8.78388786315918
19,0.05,1.25156282,298,75,1497,7.06,124,0.001,9.600717544555664
19,0.05,1.2647238,299,75,1512,7.17,127,0.001,9.182708740234375
20,0.05,1.47814543,300,76,1573,7.75,143,0.001,6.951200485229492
20,0.05,1.4783512499999998,301,76,1576,7.76,,,
20,0.05,1.5405674699999998,302,77,1596,7.93,148,0.001,7.491042137145996
20,0.05,1.52857474,303,77,1601,7.9,150,0.001,11.417815208435059
20,0.05,1.6128757399999998,304,77,1627,8.14,156,0.001,12.802823066711426
20,0.05,1.61044791,305,77,1628,8.13,,,
20,0.05,1.6100638800000002,306,78,1631,8.15,157,0.001,13.843077659606934
20,0.05,1.6045075400000002,307,78,1634,8.15,158,0.001,7.721943378448486
20,0.05,1.6004136400000002,308,78,1637,8.16,159,0.001,9.93239688873291
20,0.05,1.5968096500000002,309,78,1640,8.17,,,
21,0.05,1.8608042100000004,310,79,1716,8.88,178,0.001,9.219170570373535
22,0.05,2.05616842,311,80,1774,9.41,193,0.001,6.639890670776367
22,0.05,2.21632079,312,80,1835,10.0,208,0.001,11.299293518066406
22,0.05,2.21284503,313,81,1838,9.98,209,0.001,7.6326470375061035
22,0.05,2.2080498800000004,314,81,1840,9.97,,,
22,0.05,2.20047182,315,81,1842,9.95,210,0.001,4.1773176193237305
22,0.05,2.1896758800000002,316,81,1845,9.9,211,0.001,10.924030303955078
22,0.05,2.1758293600000003,317,81,1847,9.86,,,
22,0.05,2.1769592,318,82,1849,9.87,212,0.001,10.110291481018066
22,0.05,2.17527882,319,82,1852,9.88,,,
22,0.05,2.22085698,320,82,1873,10.06,218,0.001,6.557239055633545
22,0.05,2.2876297400000003,321,83,1903,10.32,225,0.001,6.161503314971924
23,0.05,2.4544887400000004,322,83,1959,10.83,239,0.001,6.195638656616211
23,0.05,2.5241026399999997,323,84,1993,11.13,248,0.001,11.088268280029297
23,0.05,2.5364705499999998,324,84,1999,11.17,249,0.001,10.094719886779785
23,0.05,2.6047369699999994,325,84,2020,11.35,254,0.001,6.976222991943359
23,0.05,2.59943617,326,84,2022,11.33,255,0.001,6.035389423370361
23,0.05,2.601789170000001,327,85,2025,11.34,256,0.001,6.682522296905518
23,0.05,2.6075500400000005,328,85,2028,11.36,,,
23,0.05,2.60661333,329,85,2031,11.37,257,0.001,9.537117958068848
23,0.05,2.60222419,330,85,2034,11.37,258,0.001,7.985792636871338
23,0.05,2.59614681,331,85,2037,11.35,259,0.001,9.432584762573242
23,0.05,2.59310358,332,86,2040,11.35,,,
23,0.05,2.6175968800000002,333,86,2051,11.43,262,0.001,7.503142356872559
23,0.05,2.6040082,334,86,2054,11.39,263,0.001,5.9477081298828125
23,0.05,2.60149885,335,86,2057,11.39,264,0.001,8.41390323638916
23,0.05,2.602262609999999,336,87,2060,11.4,,,
23,0.05,2.60291878,337,87,2063,11.41,265,0.001,6.901670455932617
23,0.05,2.6024316299999994,338,87,2066,11.41,266,0.001,5.671503067016602
23,0.05,2.60030651,339,87,2069,11.41,267,0.001,5.373713493347168
23,0.05,2.5949629400000003,340,87,2072,11.4,,,
23,0.05,2.594913350000001,341,88,2075,11.41,268,0.001,6.785263538360596
23,0.05,2.5925556500000004,342,88,2077,11.41,269,0.001,8.753805160522461
23,0.05,2.5894254100000005,343,88,2080,11.4,,,
23,0.05,2.5958299200000003,344,88,2086,11.42,271,0.001,6.284419536590576
23,0.05,2.63399878,345,89,2101,11.52,275,0.001,6.6658220291137695
23,0.05,2.63656838,346,89,2104,11.53,,,
23,0.05,2.6628970400000003,347,89,2118,11.62,279,0.001,3.9351143836975098
23,0.05,2.66511382,348,89,2123,11.63,280,0.001,3.914443254470825
23,0.05,2.6677803099999995,349,90,2126,11.65,281,0.001,6.037533760070801
23,0.05,2.6633551499999992,350,90,2129,11.64,282,0.001,3.9984099864959717
23,0.05,2.6538997499999994,351,90,2134,11.63,283,0.001,6.255356311798096
23,0.05,2.6464901699999994,352,90,2137,11.61,284,0.001,4.614859104156494
23,0.05,2.6411589099999992,353,91,2140,11.61,,,
23,0.05,2.6373201799999997,354,91,2143,11.62,285,0.001,5.759007930755615
23,0.05,2.6279452199999995,355,91,2146,11.61,286,0.001,5.13245964050293
23,0.05,2.619626969999999,356,91,2149,11.6,287,0.001,2.8593571186065674
23,0.05,2.6084238899999996,357,92,2152,11.59,,,
23,0.05,2.59875331,358,92,2155,11.57,288,0.001,7.876761436462402
23,0.05,2.5931757799999997,359,92,2158,11.57,289,0.001,4.905865669250488
23,0.05,2.4491173500000003,360,92,2161,10.92,290,0.001,3.700033187866211
23,0.05,2.4517282600000003,361,93,2164,10.94,,,
23,0.05,2.45311459,362,93,2166,10.95,291,0.001,6.040229797363281
23,0.05,2.4576178300000002,363,93,2169,10.97,292,0.001,6.949044227600098
23,0.05,2.46143796,364,93,2172,10.99,,,
23,0.05,2.46390172,365,93,2174,11.0,293,0.001,3.054137706756592
23,0.05,2.46841333,366,94,2177,11.02,294,0.001,5.139662742614746
23,0.05,2.4705590900000005,367,94,2179,11.03,,,
23,0.05,2.4213387600000003,368,94,2181,10.86,295,0.001,6.063723564147949
23,0.05,2.37239705,369,94,2184,10.69,,,
22,0.05,2.30570519,370,95,2187,10.47,296,0.001,8.318359375
22,0.05,2.27990698,371,95,2193,10.38,298,0.001,7.200368881225586
22,0.05,2.20798249,372,95,2196,10.15,,,
22,0.05,2.05845381,373,95,2199,9.67,299,0.001,3.962254524230957
22,0.05,1.8821563499999996,374,96,2202,9.13,300,0.001,6.530335426330566
22,0.05,1.8410048899999996,375,96,2205,9.0,301,0.001,4.104528427124023
22,0.05,1.8412880299999994,376,96,2208,9.0,,,
22,0.05,1.6103314799999995,377,96,2211,8.4,302,0.001,6.170648574829102
22,0.05,1.6041121899999993,378,96,2214,8.39,303,0.001,3.1516716480255127
22,0.05,1.6049029499999998,379,97,2219,8.41,304,0.001,5.776214599609375
22,0.05,1.6129482999999996,380,97,2227,8.46,306,0.001,5.534482955932617
22,0.05,1.6327220099999997,381,97,2237,8.53,309,0.001,3.344726324081421
22,0.05,1.6579311999999995,382,98,2253,8.66,313,0.001,4.88740348815918
23,0.05,1.6689367299999998,383,98,2267,8.77,316,0.001,3.8628902435302734
22,0.05,1.6652613499999995,384,98,2269,8.76,317,0.001,9.53812026977539
23,0.05,1.7730175700000002,385,99,2303,9.07,325,0.001,5.356163024902344
23,0.05,1.7572497800000004,386,99,2305,9.02,326,0.001,4.293433666229248
23,0.05,1.7501564900000002,387,99,2307,9.01,,,
23,0.05,1.6326687300000002,388,99,2309,8.69,327,0.001,2.8092284202575684
23,0.05,1.6211368400000004,389,100,2311,8.66,,,
23,0.05,1.6130226,390,100,2313,8.63,328,0.001,5.894426345825195
23,0.05,1.6047077,391,100,2315,8.6,,,
22,0.05,1.59377672,392,100,2317,8.57,329,0.001,5.604711532592773
22,0.05,1.5845767000000002,393,101,2319,8.54,,,
22,0.05,1.57936802,394,101,2321,8.53,330,0.001,9.422066688537598
22,0.05,1.5567833299999998,395,101,2323,8.46,,,
22,0.05,1.5513100599999998,396,101,2325,8.45,331,0.001,7.033010005950928
22,0.05,1.5405450499999997,397,101,2328,8.43,,,
22,0.05,1.5195268899999999,398,102,2331,8.34,332,0.001,8.041218757629395
22,0.05,1.5067027799999997,399,102,2334,8.22,333,0.001,6.289913177490234
22,0.05,1.29569463,400,102,2337,7.64,334,0.001,6.588263988494873
22,0.05,1.29733868,401,102,2340,7.64,,,
22,0.05,1.2339427600000001,402,103,2343,7.47,335,0.001,7.403647422790527
22,0.05,1.23185375,403,103,2346,7.45,336,0.001,7.875035762786865
22,0.05,1.14820597,404,103,2349,7.22,337,0.001,7.698986530303955
22,0.05,1.1523799700000001,405,103,2352,7.24,,,
22,0.05,1.1572251699999998,406,104,2355,7.24,338,0.001,4.1152544021606445
22,0.05,1.16169915,407,104,2358,7.24,339,0.001,7.993531703948975
22,0.05,1.1666122099999998,408,104,2362,7.25,340,0.001,7.038200378417969
22,0.05,1.1664573900000001,409,104,2365,7.25,341,0.001,8.335018157958984
22,0.05,0.8928993299999999,410,105,2368,6.52,,,
22,0.05,0.68629317,411,105,2370,5.96,342,0.001,7.871607303619385
22,0.05,0.52287885,412,105,2372,5.37,,,
22,0.05,0.51742506,413,105,2374,5.36,343,0.001,5.026434898376465
22,0.05,0.5166843799999999,414,106,2376,5.36,,,
22,0.05,0.51556308,415,106,2378,5.36,344,0.001,7.827376365661621
22,0.05,0.51033568,416,106,2380,5.35,,,
22,0.05,0.5089167099999999,417,106,2382,5.35,345,0.001,6.194216728210449
22,0.05,0.5102466599999999,418,107,2385,5.36,346,0.001,7.399117946624756
22,0.05,0.50843415,419,107,2387,5.35,,,
22,0.05,0.45989983,420,107,2389,5.16,347,0.001,6.312912464141846
22,0.05,0.38474215,421,107,2391,4.88,,,
22,0.05,0.20951288000000004,422,108,2394,4.35,348,0.001,8.842378616333008
22,0.05,0.13527687000000002,423,108,2397,4.04,349,0.001,5.818564414978027
22,0.05,0.12258814,424,108,2400,4.01,,,
22,0.05,0.05296614999999999,425,109,2403,3.83,350,0.001,6.342066764831543
21,0.05,0.05278156,426,109,2406,3.84,351,0.001,7.13769006729126
21,0.05,0.04958581999999999,427,109,2409,3.84,352,0.001,4.657095432281494
21,0.05,0.04606247999999999,428,110,2412,3.84,,,
21,0.05,0.05353025999999998,429,110,2419,3.88,354,0.001,5.507495880126953
21,0.05,0.05649127999999996,430,110,2422,3.88,355,0.001,4.238611698150635
21,0.05,0.05163400999999999,431,111,2425,3.88,356,0.001,5.988736629486084
21,0.05,0.05581271999999997,432,111,2428,3.88,,,
21,0.05,0.029875769999999982,433,111,2431,3.8,357,0.001,5.02755069732666
21,0.05,0.03184279999999997,434,111,2434,3.8,358,0.001,6.845668792724609
21,0.05,0.03297188999999998,435,112,2437,3.8,359,0.001,6.907645225524902
21,0.05,0.033779569999999974,436,112,2440,3.8,,,
21,0.05,0.03539911999999999,437,112,2443,3.8,360,0.001,4.819223403930664
21,0.05,0.10438700000000001,438,113,2467,4.01,366,0.001,3.1483540534973145
21,0.05,0.17649506999999998,439,113,2491,4.22,372,0.001,6.775322914123535
21,0.05,0.23282978,440,114,2511,4.39,377,0.001,7.835519790649414
21,0.05,0.23551011,441,115,2514,4.39,378,0.001,4.908375263214111
21,0.05,0.23663948,442,115,2518,4.41,379,0.001,6.560066223144531
21,0.05,0.23704787,443,115,2521,4.41,380,0.001,7.234867572784424
21,0.05,0.22542641000000002,444,115,2524,4.38,,,
21,0.05,0.17767855000000005,445,116,2525,4.24,381,0.001,2.9964447021484375
21,0.05,0.22541142,446,116,2548,4.44,386,0.001,3.393095016479492
21,0.05,0.24629519000000002,447,117,2579,4.61,394,0.001,4.971933841705322
22,0.05,0.31655036,448,117,2602,4.79,400,0.001,7.052218914031982
22,0.05,0.31288505,449,118,2605,4.79,401,0.001,7.694778919219971
22,0.05,0.30906017999999996,450,118,2608,4.79,,,
21,0.05,0.30138937,451,118,2611,4.77,402,0.001,7.178317070007324
21,0.05,0.29857049999999996,452,119,2613,4.76,403,0.001,5.282853603363037
21,0.05,0.29804084000000003,453,119,2616,4.76,,,
21,0.05,0.29808305,454,119,2619,4.76,404,0.001,5.452239990234375
21,0.05,0.29795812,455,119,2622,4.76,405,0.001,5.2811737060546875
21,0.05,0.2984129499999999,456,120,2625,4.76,406,0.001,6.952037811279297
22,0.05,0.39079526000000003,457,120,2660,5.08,414,0.001,6.723276138305664
21,0.05,0.3905535799999999,458,121,2663,5.08,415,0.001,4.898895263671875
21,0.05,0.3897174,459,121,2666,5.08,416,0.001,6.424394607543945
21,0.05,0.38624828999999994,460,121,2669,5.08,417,0.001,2.6945641040802
21,0.05,0.38320344,461,122,2672,5.08,,,
21,0.05,0.41779208999999995,462,122,2684,5.18,420,0.001,5.417705059051514
21,0.05,0.4306151700000001,463,122,2691,5.22,422,0.001,4.077150821685791
21,0.05,0.42956180000000005,464,123,2694,5.22,423,0.001,6.893634796142578
21,0.05,0.4297676800000001,465,123,2697,5.23,424,0.001,4.963084697723389
21,0.05,0.42850157000000005,466,123,2700,5.23,,,
21,0.05,0.4289784100000001,467,124,2703,5.24,425,0.001,8.791278839111328
21,0.05,0.42917835000000004,468,124,2706,5.25,426,0.001,9.477375030517578
21,0.05,0.42842717,469,124,2709,5.25,427,0.001,7.163392543792725
21,0.05,0.42194234999999997,470,124,2710,5.23,,,
21,0.05,0.41046143000000007,471,125,2713,5.2,428,0.001,5.692166805267334
21,0.05,0.41015181000000006,472,125,2716,5.2,,,
21,0.05,0.40597154,473,125,2719,5.2,429,0.001,3.5356128215789795
21,0.05,0.40325083999999994,474,126,2722,5.2,430,0.001,7.965065002441406
21,0.05,0.4004446,475,126,2725,5.2,431,0.001,11.426762580871582
21,0.05,0.3982218199999999,476,126,2728,5.2,,,
21,0.05,0.3954260399999999,477,126,2731,5.2,432,0.001,8.42798137664795
21,0.05,0.39150892,478,127,2734,5.2,433,0.001,5.990029335021973
21,0.05,0.38485509,479,127,2737,5.18,434,0.001,5.539054870605469
21,0.05,0.38428012,480,127,2751,5.24,437,0.001,4.332983016967773
21,0.05,0.35726257000000006,481,128,2754,5.17,438,0.001,5.943341255187988
21,0.05,0.32542621000000005,482,128,2757,5.04,439,0.001,6.5275678634643555
21,0.05,0.31103850000000005,483,128,2760,4.93,,,
21,0.05,0.31128504999999995,484,129,2763,4.94,440,0.001,8.427096366882324
21,0.05,0.20008668000000007,485,129,2766,4.63,441,0.001,4.721648216247559
21,0.05,0.20322491000000004,486,129,2769,4.64,442,0.001,5.807156085968018
21,0.05,0.20677622000000007,487,129,2772,4.65,,,
21,0.05,0.20955438999999998,488,130,2775,4.66,443,0.001,5.833672523498535
21,0.05,0.21373697000000008,489,130,2778,4.67,444,0.001,6.907973289489746
21,0.05,0.21646026000000002,490,130,2781,4.68,445,0.001,9.163573265075684
21,0.05,0.22000218000000005,491,131,2785,4.7,446,0.001,4.184456825256348
21,0.05,0.26694125,492,131,2812,4.95,452,0.001,3.1507158279418945
21,0.05,0.26930320999999996,493,131,2815,4.96,453,0.001,5.234776496887207
21,0.05,0.27267741999999995,494,132,2818,4.97,454,0.001,5.237839221954346
21,0.05,0.27568334999999994,495,132,2821,4.98,455,0.001,5.637573719024658
21,0.05,0.27875082,496,132,2824,4.99,,,
21,0.05,0.28225437999999997,497,133,2827,4.99,456,0.001,7.790158748626709
21,0.05,0.28632873999999997,498,133,2832,5.01,457,0.001,6.433836460113525
21,0.05,0.28434512999999995,499,133,2835,5.01,458,0.001,6.404294490814209
21,0.05,0.2819853299999999,500,133,2838,5.01,459,0.001,9.124567985534668
21,0.05,0.32686329000000003,501,134,2855,5.15,463,0.001,4.9472880363464355
21,0.05,0.32642112999999995,502,134,2858,5.15,464,0.001,8.695358276367188
21,0.05,0.3264063199999999,503,134,2861,5.15,465,0.001,6.550016403198242
21,0.05,0.32511632999999995,504,135,2864,5.15,,,
21,0.05,0.32560562,505,135,2867,5.15,466,0.001,6.16649866104126
21,0.05,0.3263609700000001,506,135,2870,5.15,467,0.001,4.076693534851074
21,0.05,0.32653868,507,135,2873,5.15,468,0.001,6.38901948928833
21,0.05,0.32610407,508,136,2876,5.14,,,
21,0.05,0.33084731000000006,509,136,2879,5.14,469,0.001,5.910604476928711
21,0.05,0.33533183,510,136,2882,5.14,470,0.001,6.645738124847412
21,0.05,0.39573341000000006,511,137,2904,5.34,475,0.001,7.151670455932617
21,0.05,0.39508654,512,137,2907,5.35,476,0.001,4.03062629699707
21,0.05,0.39494485000000007,513,137,2910,5.36,477,0.001,4.356544017791748
21,0.05,0.39435381999999997,514,137,2913,5.37,478,0.001,5.626281261444092
21,0.05,0.394173,515,138,2916,5.38,,,
21,0.05,0.3937281,516,138,2919,5.39,479,0.001,5.585855484008789
21,0.05,0.39404028999999996,517,138,2922,5.4,480,0.001,7.083402156829834
21,0.05,0.39177697999999994,518,139,2925,5.4,481,0.001,7.379029273986816
21,0.05,0.3918621399999999,519,139,2928,5.41,,,
20,0.05,0.39627991999999984,520,139,2931,5.42,482,0.001,4.279348373413086
20,0.05,0.39661745999999987,521,139,2932,5.41,,,
20,0.05,0.3972653900000001,522,140,2934,5.4,483,0.001,5.737718105316162
20,0.05,0.39446166,523,140,2935,5.38,,,
20,0.05,0.40522586000000005,524,140,2941,5.41,485,0.001,6.662545204162598
21,0.05,0.6350056699999999,525,141,3017,6.14,504,0.001,6.682496070861816
21,0.05,0.68986444,526,142,3036,6.3,508,0.001,4.696826457977295
21,0.05,0.7530819699999999,527,142,3060,6.51,514,0.001,6.131361961364746
21,0.05,0.7763813,528,143,3072,6.6,517,0.001,6.794322490692139
21,0.05,0.7990246099999999,529,143,3085,6.66,521,0.001,5.402841091156006
21,0.05,0.8118695499999999,530,144,3093,6.71,523,0.001,7.525149345397949
21,0.05,0.85061898,531,144,3108,6.83,526,0.001,7.783405303955078
21,0.05,0.90693759,532,145,3127,6.99,531,0.001,6.9761962890625
21,0.05,1.00336443,533,145,3165,7.34,541,0.001,5.127936363220215
21,0.05,1.07600296,534,146,3191,7.57,547,0.001,4.249812126159668
21,0.05,1.1822616000000001,535,147,3225,7.88,556,0.001,4.205461025238037
22,0.05,1.26537276,536,147,3255,8.15,563,0.001,3.8420987129211426
22,0.05,1.2649685000000002,537,147,3258,8.15,564,0.001,4.146320819854736
22,0.05,1.1981891000000002,538,148,3261,7.94,565,0.001,1.8413827419281006
21,0.05,1.1299365000000001,539,148,3264,7.73,,,
21,0.05,1.07666299,540,148,3267,7.56,566,0.001,2.5760610103607178
21,0.05,1.07820208,541,148,3270,7.56,567,0.001,2.7975869178771973
21,0.05,1.0776784999999998,542,149,3273,7.55,568,0.001,2.8129377365112305
21,0.05,1.0761479299999999,543,149,3275,7.54,,,
21,0.05,1.07306042,544,149,3278,7.54,569,0.001,2.560957908630371
21,0.05,1.07469726,545,150,3281,7.56,570,0.001,7.4061994552612305
21,0.05,1.0228737399999999,546,150,3284,7.36,,,
21,0.05,0.9660567199999999,547,150,3286,7.07,571,0.001,5.339653015136719
21,0.05,0.8867967500000001,548,150,3289,6.87,572,0.001,5.346753120422363
21,0.05,0.8938398399999999,549,151,3292,6.87,,,
21,0.05,0.8998019500000001,550,151,3295,6.87,573,0.001,5.378479480743408
21,0.05,0.9065661300000001,551,151,3298,6.87,574,0.001,4.286404609680176
21,0.05,0.9102937400000002,552,152,3301,6.88,575,0.001,5.387098789215088
21,0.05,0.91507025,553,152,3304,6.88,,,
21,0.05,0.9212448499999999,554,152,3307,6.88,576,0.001,2.137105941772461
21,0.05,0.9268370799999999,555,152,3310,6.88,577,0.001,2.823831081390381
21,0.05,0.92847017,556,153,3313,6.88,578,0.001,4.132304668426514
21,0.05,0.83779743,557,153,3316,6.56,,,
21,0.05,0.8400403900000001,558,153,3319,6.56,579,0.001,4.987966537475586
21,0.05,0.84171105,559,154,3322,6.56,580,0.001,5.398758888244629
21,0.05,0.84282579,560,154,3325,6.56,581,0.001,4.165013313293457
21,0.05,0.8474797599999999,561,154,3329,6.57,582,0.001,5.86653470993042
21,0.05,0.8942132700000001,562,155,3359,6.75,589,0.001,3.7491812705993652
21,0.05,0.89065838,563,155,3366,6.75,591,0.001,6.20038366317749
21,0.05,0.89992214,564,155,3371,6.77,592,0.001,5.846237659454346
21,0.05,0.9060451199999998,565,156,3378,6.81,594,0.001,6.255526542663574
21,0.05,0.9068363700000001,566,156,3381,6.81,595,0.001,6.1384124755859375
21,0.05,0.94437639,567,156,3399,6.96,599,0.001,4.192732810974121
21,0.05,0.9458224,568,157,3403,6.97,600,0.001,7.0343403816223145
21,0.05,0.9477451899999998,569,157,3406,6.97,601,0.001,3.6868643760681152
21,0.05,0.9525233199999996,570,157,3409,6.99,602,0.001,2.1720058917999268
21,0.05,0.9534650499999998,571,157,3412,6.99,,,
21,0.05,0.9557663599999997,572,158,3416,7.0,603,0.001,4.082828998565674
21,0.05,0.9617735099999998,573,158,3419,7.0,604,0.001,4.7412285804748535
21,0.05,0.9669964299999997,574,158,3422,7.0,605,0.001,8.129961967468262
21,0.05,0.9719309499999998,575,158,3425,7.0,606,0.001,4.231593608856201
21,0.05,0.9769446499999997,576,159,3428,7.0,,,
21,0.05,0.9820498599999999,577,159,3431,7.0,607,0.001,4.398479461669922
21,0.05,0.9872346199999998,578,159,3434,7.0,608,0.001,6.800686836242676
21,0.05,0.9918338099999998,579,159,3437,7.0,609,0.001,3.368424892425537
21,0.05,0.9825284499999999,580,160,3440,6.89,,,
21,0.05,0.98800504,581,160,3443,6.89,610,0.001,3.31842303276062
21,0.05,0.9924105400000001,582,160,3446,6.89,611,0.001,4.609420299530029
21,0.05,0.9927174999999999,583,160,3449,6.89,612,0.001,3.084209442138672
21,0.05,0.99419172,584,161,3452,6.89,,,
21,0.05,0.9961707999999999,585,161,3455,6.89,613,0.001,4.996706008911133
21,0.05,0.99768819,586,161,3458,6.89,614,0.001,5.379748821258545
21,0.05,0.99943874,587,161,3461,6.89,615,0.001,3.7626988887786865
21,0.05,0.99846437,588,162,3463,6.88,,,
21,0.05,0.9991597300000001,589,162,3466,6.88,616,0.001,2.518483877182007
21,0.05,0.9994045799999998,590,162,3471,6.9,617,0.001,4.862117767333984
21,0.05,1.0503838699999999,591,163,3495,7.1,623,0.001,5.598109245300293
21,0.05,1.0292979599999998,592,163,3504,6.92,625,0.001,3.2713820934295654
21,0.05,1.03298806,593,163,3508,6.93,626,0.001,6.015384674072266
21,0.05,1.0831701299999998,594,164,3527,7.09,631,0.001,6.997570991516113
21,0.05,1.08775552,595,164,3531,7.1,632,0.001,4.16588020324707
21,0.05,1.1020451299999998,596,164,3538,7.14,634,0.001,5.822005271911621
21,0.05,1.22023179,597,165,3575,7.48,643,0.001,7.5640788078308105
21,0.05,1.29480503,598,165,3603,7.71,650,0.001,5.5305094718933105
22,0.05,1.5305160100000001,599,167,3677,8.42,669,0.001,3.203580617904663
22,0.05,1.5358944300000001,600,167,3681,8.43,670,0.001,5.289308547973633
22,0.05,1.4968464,601,167,3688,8.33,671,0.001,3.5062248706817627
21,0.05,1.4988754699999998,602,167,3691,8.33,672,0.001,3.6978180408477783
21,0.05,1.5000078900000002,603,168,3694,8.33,673,0.001,3.447532892227173
21,0.05,1.50304624,604,168,3697,8.33,674,0.001,6.163196563720703
21,0.05,1.5044378299999999,605,168,3700,8.33,,,
21,0.05,1.50188198,606,168,3702,8.32,675,0.001,3.7696473598480225
21,0.05,1.50028598,607,169,3704,8.31,,,
21,0.05,1.5013934999999998,608,169,3707,8.31,676,0.001,3.831787586212158
21,0.05,1.50240544,609,169,3710,8.31,677,0.001,3.692370891571045
21,0.05,1.50266028,610,169,3713,8.31,678,0.001,4.889431953430176
21,0.05,1.44755751,611,170,3716,8.12,,,
21,0.05,1.45996376,612,170,3721,8.14,680,0.001,5.2362494468688965
21,0.05,1.5176802999999999,613,170,3741,8.31,685,0.001,3.80324125289917
21,0.05,1.52399146,614,171,3744,8.31,,,
21,0.05,1.5289043,615,171,3747,8.31,686,0.001,3.2202162742614746
21,0.05,1.53234881,616,171,3749,8.3,687,0.001,4.697196960449219
21,0.05,1.5384100099999998,617,172,3752,8.3,,,
21,0.05,1.5441491200000002,618,172,3755,8.3,688,0.001,5.179719924926758
21,0.05,1.5502397799999996,619,172,3758,8.3,689,0.001,6.306663513183594
21,0.05,1.5518952399999997,620,173,3761,8.3,690,0.001,4.1103668212890625
21,0.05,1.5577295399999997,621,173,3764,8.32,,,
21,0.05,1.5612509899999998,622,173,3767,8.33,691,0.001,5.7457122802734375
21,0.05,1.5675108999999994,623,173,3770,8.35,692,0.001,4.7958478927612305
21,0.05,1.5598299999999994,624,174,3773,8.32,693,0.001,3.812572479248047
21,0.05,1.3319921499999998,625,174,3776,7.59,,,
21,0.05,1.2773579699999997,626,174,3779,7.43,694,0.001,4.395473957061768
21,0.05,1.21451248,627,174,3782,7.22,695,0.001,4.047636985778809
21,0.05,1.19150395,628,175,3785,7.13,696,0.001,5.035688877105713
21,0.05,1.15882912,629,175,3787,7.02,,,
21,0.05,1.14409764,630,175,3790,6.97,697,0.001,4.419015884399414
21,0.05,1.10536095,631,176,3792,6.84,,,
21,0.05,1.0468436600000002,632,176,3796,6.69,698,0.001,6.555830955505371
21,0.05,0.9488674399999999,633,176,3802,6.37,700,0.001,4.624209880828857
21,0.05,0.88743394,634,177,3812,6.21,702,0.001,3.312490940093994
21,0.05,0.77905411,635,177,3815,5.9,703,0.001,3.282862901687622
21,0.05,0.69472099,636,178,3819,5.64,704,0.001,4.776360988616943
21,0.05,0.7187813000000002,637,178,3831,5.73,707,0.001,5.670404434204102
21,0.05,0.72467244,638,178,3839,5.78,709,0.001,3.3744449615478516
21,0.05,0.72338037,639,179,3842,5.78,710,0.001,5.352441310882568
21,0.05,0.72592917,640,179,3847,5.8,711,0.001,3.401430606842041
21,0.05,0.7775516200000001,641,180,3865,5.95,716,0.001,2.9077229499816895
21,0.05,0.7792328000000001,642,180,3867,5.94,,,
21,0.05,0.94245192,643,181,3916,6.41,728,0.001,4.409389495849609
21,0.05,0.9516264399999999,644,181,3923,6.45,730,0.001,4.7510786056518555
21,0.05,1.08445731,645,182,3965,6.84,741,0.001,5.178592205047607
22,0.05,1.22683272,646,183,4055,7.71,763,0.001,4.951955318450928
22,0.05,1.2279352,647,183,4058,7.72,764,0.001,3.7777905464172363
22,0.05,1.22796493,648,183,4060,7.71,,,
22,0.05,1.22532214,649,184,4063,7.71,765,0.001,4.62769889831543
22,0.05,1.2231251,650,184,4068,7.73,766,0.001,6.598933696746826
22,0.05,1.22115248,651,184,4073,7.75,768,0.001,4.516629219055176
22,0.05,1.2199786599999998,652,184,4076,7.75,,,
22,0.05,1.2197907799999999,653,185,4081,7.77,770,0.001,4.024723052978516
22,0.05,1.2175049399999998,654,185,4086,7.79,771,0.001,3.2455203533172607
21,0.05,1.2145114799999996,655,185,4089,7.79,772,0.001,6.296992301940918
21,0.05,1.2157087699999998,656,186,4092,7.79,,,
21,0.05,1.2199332399999998,657,186,4096,7.8,773,0.001,4.14255428314209
22,0.05,1.2988221199999999,658,187,4123,8.04,780,0.001,3.434112071990967
22,0.05,1.3020995699999998,659,187,4126,8.04,781,0.001,4.577820777893066
21,0.05,1.3049834299999998,660,187,4129,8.04,782,0.001,5.857842445373535
21,0.05,1.3048804499999997,661,188,4132,8.03,,,
21,0.05,1.2520882899999999,662,188,4142,7.83,785,0.001,5.126396656036377
22,0.05,1.27308885,663,188,4155,7.89,788,0.001,3.2495505809783936
22,0.05,1.30680754,664,189,4171,8.0,792,0.001,3.5966639518737793
22,0.05,1.3004439399999999,665,189,4173,7.95,793,0.001,5.096170902252197
21,0.05,1.3009947099999999,666,189,4176,7.95,,,
22,0.05,1.3735272900000002,667,190,4211,8.12,802,0.001,2.34328293800354
22,0.05,1.37522524,668,190,4214,8.11,803,0.001,2.594144821166992
22,0.05,1.3765777600000002,669,191,4217,8.11,804,0.001,4.378940105438232
22,0.05,1.3769024200000002,670,191,4220,8.11,,,
22,0.05,1.37772337,671,191,4223,8.11,805,0.001,1.9231088161468506
22,0.05,1.37722162,672,192,4227,8.11,806,0.001,3.269000291824341
21,0.05,1.37590252,673,192,4230,8.11,807,0.001,4.73225736618042
21,0.05,1.3822192899999999,674,192,4237,8.15,809,0.001,4.6297197341918945
21,0.05,1.38004291,675,192,4240,8.15,,,
21,0.05,1.37534407,676,193,4241,8.13,810,0.001,4.49045467376709
21,0.05,1.3839829499999998,677,193,4247,8.16,811,0.001,4.246767520904541
21,0.05,1.38143106,678,193,4250,8.16,812,0.001,5.943707466125488
21,0.05,1.37925411,679,194,4253,8.16,813,0.001,3.630239725112915
21,0.05,1.37710602,680,194,4256,8.16,,,
21,0.05,1.3792842999999997,681,194,4261,8.18,815,0.001,1.862201452255249
21,0.05,1.3800924799999998,682,194,4264,8.18,,,
21,0.05,1.3817917799999997,683,195,4267,8.18,816,0.001,3.3730084896087646
21,0.05,1.38211839,684,195,4270,8.18,817,0.001,3.262977123260498
21,0.05,1.3837071699999999,685,195,4273,8.18,818,0.001,2.7044389247894287
21,0.05,1.38503991,686,196,4276,8.18,,,
21,0.05,1.3850225899999997,687,196,4279,8.18,819,0.001,4.724313259124756
21,0.05,1.38838983,688,196,4282,8.19,820,0.001,4.698238849639893
21,0.05,1.38909346,689,196,4285,8.19,821,0.001,3.576665163040161
21,0.05,1.39100095,690,197,4288,8.17,,,
21,0.05,1.34071365,691,197,4293,7.98,823,0.001,2.9207494258880615
21,0.05,1.3205086300000002,692,197,4296,7.92,,,
21,0.05,1.3173945,693,198,4299,7.91,824,0.001,4.874120712280273
21,0.05,1.26666234,694,198,4302,7.75,825,0.001,3.0445926189422607
21,0.05,1.26313203,695,198,4305,7.74,826,0.001,3.7103281021118164
21,0.05,1.2489568199999999,696,198,4308,7.7,,,
21,0.05,1.13305747,697,199,4311,7.36,827,0.001,3.6314210891723633
21,0.05,1.0538248000000001,698,199,4314,7.11,828,0.001,4.838258743286133
21,0.05,0.8201105,699,199,4317,6.4,829,0.001,3.208066940307617
21,0.05,0.93404624,700,200,4357,6.76,839,0.001,5.034756183624268
21,0.05,0.9249042999999999,701,200,4359,6.71,,,
21,0.05,0.9202765399999998,702,201,4362,6.71,840,0.001,5.00038480758667
21,0.05,0.91595041,703,201,4364,6.7,,,
21,0.05,0.92171121,704,201,4370,6.73,842,0.001,4.752810001373291
21,0.05,0.91723787,705,202,4373,6.73,843,0.001,5.497986793518066
21,0.05,0.91598795,706,202,4375,6.73,,,
21,0.05,0.91862312,707,202,4380,6.76,844,0.001,3.6729178428649902
21,0.05,0.9182401099999999,708,202,4384,6.77,845,0.001,2.6491281986236572
21,0.05,0.9150554899999999,709,203,4387,6.77,846,0.001,2.2920477390289307
21,0.05,1.10892206,710,204,4442,7.29,860,0.001,5.592221260070801
21,0.05,1.1228555800000002,711,204,4449,7.33,862,0.001,6.070359230041504
21,0.05,1.1124617700000001,712,204,4451,7.3,,,
21,0.05,1.05955813,713,204,4456,7.15,863,0.001,3.941955089569092
21,0.05,1.0578177500000003,714,205,4459,7.15,864,0.001,3.9952731132507324
21,0.05,1.05571957,715,205,4462,7.15,865,0.001,5.2893595695495605
21,0.05,1.0571455600000002,716,205,4467,7.18,866,0.001,3.670146942138672
21,0.05,1.0540390499999999,717,206,4470,7.18,867,0.001,5.32307767868042
21,0.05,1.0508904899999998,718,206,4473,7.18,868,0.001,3.6935055255889893
21,0.05,1.0476979199999998,719,206,4476,7.18,,,
21,0.05,1.0440797099999997,720,206,4479,7.18,869,0.001,5.325511932373047
21,0.05,1.0789584799999998,721,207,4497,7.33,874,0.001,3.662388801574707
21,0.05,1.07799937,722,207,4500,7.33,,,
21,0.05,1.07795843,723,207,4503,7.33,875,0.001,2.8910574913024902
21,0.05,1.07371111,724,208,4505,7.32,876,0.001,2.152348518371582
21,0.05,1.0755615299999999,725,208,4508,7.32,,,
21,0.05,1.14258529,726,208,4534,7.55,883,0.001,3.7182605266571045
21,0.05,1.16294524,727,209,4543,7.61,885,0.001,4.683014392852783
21,0.05,1.16567032,728,209,4546,7.61,886,0.001,3.1917777061462402
21,0.05,1.17082989,729,209,4549,7.62,887,0.001,5.520592212677002
21,0.05,1.1892957800000001,730,210,4558,7.68,889,0.001,2.512868881225586
21,0.05,1.19512,731,210,4562,7.7,890,0.001,3.4729702472686768
21,0.05,1.2583827,732,210,4586,7.9,896,0.001,3.2641987800598145
21,0.05,1.32823198,733,211,4611,8.09,902,0.001,2.5012850761413574
22,0.05,1.4757798200000003,734,212,4684,8.72,920,0.001,5.312725067138672
22,0.05,1.4929077600000003,735,213,4693,8.78,923,0.001,5.002069473266602
22,0.05,1.50449948,736,213,4699,8.8,924,0.001,5.970395088195801
22,0.05,1.51508137,737,213,4713,8.82,928,0.001,3.7333106994628906
22,0.05,1.50915807,738,214,4716,8.77,,,
22,0.05,1.55003921,739,214,4733,8.91,933,0.001,5.857977390289307
22,0.05,1.54765137,740,214,4736,8.89,,,
22,0.05,1.4965393800000002,741,215,4739,8.74,934,0.001,3.7554590702056885
22,0.05,1.4982480200000001,742,215,4742,8.75,935,0.001,5.653064727783203
22,0.05,1.3395906599999998,743,215,4745,8.29,936,0.001,5.26892614364624
21,0.05,1.3343821399999998,744,215,4748,8.25,,,
21,0.05,1.20338911,745,216,4751,7.86,937,0.001,5.287899971008301
21,0.05,1.06533424,746,216,4754,6.99,938,0.001,3.2691526412963867
21,0.05,1.06599948,747,216,4757,6.99,939,0.001,4.192976474761963
21,0.05,1.0663755700000002,748,216,4760,7.0,,,
22,0.05,1.1563893100000002,749,217,4795,7.32,948,0.001,4.582213401794434
22,0.05,1.1614038,750,217,4799,7.31,949,0.001,4.418554306030273
22,0.05,1.1635173600000002,751,218,4802,7.29,950,0.001,2.7675766944885254
22,0.05,1.16804284,752,218,4805,7.29,951,0.001,4.1884894371032715
21,0.05,1.1692283600000002,753,218,4808,7.27,,,
21,0.05,1.1718736200000002,754,218,4811,7.25,952,0.001,5.143204689025879
21,0.05,1.17492544,755,219,4814,7.25,953,0.001,3.608395576477051
21,0.05,1.17787261,756,219,4817,7.25,954,0.001,3.611983060836792
21,0.05,1.17797683,757,219,4820,7.24,,,
21,0.05,1.1620222199999999,758,220,4841,7.18,960,0.001,4.518937587738037
21,0.05,1.16765957,759,220,4845,7.19,961,0.001,3.8440144062042236
21,0.05,1.17485755,760,220,4849,7.2,962,0.001,4.015259265899658
21,0.05,1.18260831,761,221,4855,7.23,963,0.001,3.460798501968384
21,0.05,1.1650586,762,221,4861,7.19,965,0.001,4.157822608947754
21,0.05,1.1362391699999999,763,221,4864,7.09,,,
21,0.05,1.09075144,764,221,4867,6.96,966,0.001,3.0970211029052734
21,0.05,1.08728047,765,222,4871,6.98,967,0.001,6.059543132781982
21,0.05,1.0850900900000002,766,222,4873,6.97,968,0.001,4.016326427459717
21,0.05,0.9749645000000001,767,222,4875,6.64,,,
21,0.05,0.9713194800000001,768,222,4877,6.63,969,0.001,5.704036235809326
21,0.05,0.9675296,769,223,4879,6.62,,,
21,0.05,0.9647784,770,223,4881,6.61,970,0.001,3.9608898162841797
21,0.05,0.96281431,771,223,4883,6.6,,,
21,0.05,0.9601911099999998,772,223,4885,6.58,971,0.001,3.0125319957733154
21,0.05,0.9594799999999998,773,224,4887,6.57,,,
21,0.05,0.9575293799999999,774,224,4892,6.55,972,0.001,2.2629213333129883
21,0.05,0.9605239699999999,775,224,4897,6.57,974,0.001,4.425417900085449
21,0.05,0.9655760799999998,776,224,4900,6.59,,,
21,0.05,0.9548874399999998,777,225,4902,6.55,975,0.001,2.517697334289551
21,0.05,0.9554416499999999,778,225,4904,6.54,,,
21,0.05,0.95581544,779,225,4906,6.53,976,0.001,4.2904229164123535
21,0.05,0.9558464600000001,780,225,4908,6.52,,,
21,0.05,0.9518017699999999,781,226,4910,6.49,977,0.001,4.147883415222168
21,0.05,0.94973533,782,226,4912,6.48,,,
21,0.05,0.94719871,783,226,4914,6.47,978,0.001,4.001143455505371
21,0.05,0.9452547200000001,784,226,4916,6.46,,,
21,0.05,0.9415459300000001,785,227,4918,6.45,979,0.001,4.286956787109375
21,0.05,0.9386286599999998,786,227,4920,6.44,,,
21,0.05,0.93642174,787,227,4922,6.43,980,0.001,2.493342638015747
21,0.05,0.9340636699999999,788,227,4924,6.42,,,
21,0.05,0.9316511099999997,789,228,4926,6.41,981,0.001,4.9407782554626465
21,0.05,0.9296825199999997,790,228,4928,6.4,,,
21,0.05,0.97605139,791,228,4946,6.53,986,0.001,5.350008010864258
21,0.05,1.0202311600000002,792,229,4963,6.67,990,0.001,3.6683948040008545
21,0.05,1.0224973800000001,793,229,4966,6.67,991,0.001,3.736908197402954
21,0.05,1.0248973399999999,794,229,4969,6.67,992,0.001,2.7883379459381104
21,0.05,1.02633965,795,230,4972,6.67,,,
21,0.05,1.02843541,796,230,4975,6.67,993,0.001,5.438783168792725
21,0.05,1.02837066,797,230,4978,6.67,994,0.001,5.318886756896973
21,0.05,1.03031154,798,230,4981,6.67,995,0.001,1.6604201793670654
21,0.05,1.3486810399999998,799,232,5094,7.77,1023,0.001,2.2103967666625977
22,0.05,1.33008578,800,232,5127,7.7,1031,0.001,3.5838210582733154
22,0.05,1.33370645,801,233,5130,7.71,1032,0.001,3.904710292816162
21,0.05,1.33631185,802,233,5133,7.71,1033,0.001,3.2588300704956055
21,0.05,1.34034555,803,233,5136,7.72,,,
21,0.05,1.33405524,804,233,5139,7.69,1034,0.001,3.1430017948150635
21,0.05,1.33777207,805,234,5142,7.69,1035,0.001,4.470402717590332
21,0.05,1.3413660199999997,806,234,5145,7.7,1036,0.001,4.205915451049805
21,0.05,1.3416884000000002,807,234,5148,7.68,,,
21,0.05,1.3499848,808,235,5154,7.7,1038,0.001,5.6883544921875
21,0.05,1.3532798100000003,809,235,5157,7.7,1039,0.001,4.400988578796387
21,0.05,1.18144679,810,235,5168,7.26,1041,0.001,1.3377623558044434
21,0.05,1.17932646,811,235,5175,7.26,1043,0.001,1.7245155572891235
21,0.05,1.24587526,812,236,5197,7.46,1049,0.001,3.8447823524475098
22,0.05,1.4733788099999998,813,237,5263,8.07,1065,0.001,3.271355390548706
22,0.05,1.4774851199999999,814,237,5268,8.09,1066,0.001,3.521427631378174
22,0.05,1.5171217,815,238,5283,8.21,1070,0.001,2.674226760864258
22,0.05,1.51576493,816,238,5286,8.19,1071,0.001,5.432043075561523
22,0.05,1.6245232199999997,817,238,5321,8.51,1080,0.001,4.827013969421387
22,0.05,1.6488010199999998,818,239,5331,8.58,1082,0.001,3.9723739624023438
22,0.05,1.6669321799999997,819,239,5339,8.63,1084,0.001,2.6970632076263428
22,0.05,1.6702038299999995,820,239,5342,8.63,1085,0.001,3.237137794494629
22,0.05,1.7160995999999997,821,240,5378,8.81,1094,0.001,1.5050971508026123
22,0.05,1.7206736199999997,822,240,5383,8.83,1095,0.001,2.087301731109619
22,0.05,1.7643922299999997,823,241,5405,9.02,1101,0.001,2.876441478729248
22,0.05,1.8864869900000003,824,241,5443,9.38,1110,0.001,4.320707321166992
22,0.05,1.8850303400000001,825,242,5446,9.38,1111,0.001,4.9599175453186035
22,0.05,1.8197927800000002,826,242,5449,9.15,1112,0.001,1.429944634437561
22,0.05,1.8015799600000002,827,242,5452,9.09,,,
22,0.05,1.8014031499999998,828,243,5455,9.09,1113,0.001,3.1070668697357178
22,0.05,1.8004921599999997,829,243,5458,9.09,1114,0.001,3.6125359535217285
22,0.05,1.7842245099999996,830,243,5461,9.03,1115,0.001,5.650726795196533
22,0.05,1.7831123199999996,831,243,5464,9.02,,,
22,0.05,1.72161629,832,244,5467,8.81,1116,0.001,5.815326690673828
22,0.05,1.6577252499999997,833,244,5472,8.61,1117,0.001,3.6942994594573975
22,0.05,1.49871103,834,244,5475,7.91,1118,0.001,2.4211158752441406
22,0.05,1.4846327400000001,835,244,5478,7.85,1119,0.001,2.6502721309661865
22,0.05,1.47401617,836,245,5481,7.82,1120,0.001,3.8625946044921875
22,0.05,1.44410956,837,245,5485,7.72,1121,0.001,2.099515676498413
22,0.05,1.4457737599999998,838,245,5489,7.73,1122,0.001,3.648005962371826
22,0.05,1.4100515100000002,839,245,5493,7.6,1123,0.001,3.3469598293304443
22,0.05,1.4101065900000003,840,246,5496,7.6,,,
22,0.05,1.4149474600000003,841,246,5502,7.63,1125,0.001,4.574251174926758
22,0.05,1.4208412500000003,842,246,5508,7.66,1126,0.001,6.788735389709473
22,0.05,1.42905741,843,247,5515,7.7,1128,0.001,3.0668811798095703
22,0.05,1.5688605600000003,844,247,5560,8.12,1139,0.001,2.4100615978240967
22,0.05,1.5707514300000003,845,248,5563,8.12,1140,0.001,2.4390077590942383
22,0.05,1.57090334,846,248,5566,8.12,1141,0.001,3.0465750694274902
22,0.05,1.5739434300000001,847,248,5570,8.13,1142,0.001,3.0952069759368896
22,0.05,1.5799472,848,248,5574,8.14,1143,0.001,3.6328420639038086
22,0.05,1.49357801,849,249,5578,7.83,1144,0.001,3.590921640396118
22,0.05,1.50336605,850,249,5586,7.87,1146,0.001,4.429962158203125
22,0.05,1.5089949099999997,851,249,5591,7.89,1147,0.001,2.912607431411743
22,0.05,1.5324040099999996,852,250,5603,7.98,1150,0.001,2.329659938812256
22,0.05,1.56398149,853,250,5615,8.07,1153,0.001,2.6264772415161133
22,0.05,1.56348553,854,250,5618,8.07,1154,0.001,3.0979747772216797
22,0.05,1.6484088100000003,855,251,5647,8.33,1161,0.001,2.468956232070923
22,0.05,1.7532411300000001,856,252,5684,8.67,1170,0.001,2.4996249675750732
22,0.05,1.7568093200000001,857,252,5689,8.69,1172,0.001,3.67037296295166
22,0.05,1.73497915,858,252,5703,8.62,1175,0.001,4.585360527038574
22,0.05,1.79838647,859,253,5725,8.8,1181,0.001,3.507946491241455
22,0.05,1.7935939500000004,860,253,5728,8.79,,,
22,0.05,1.79339989,861,253,5733,8.78,1183,0.001,5.509530067443848
22,0.05,1.83823686,862,254,5750,8.89,1187,0.001,4.585912704467773
22,0.05,1.8347164900000001,863,254,5756,8.92,1188,0.001,2.5671892166137695
22,0.05,1.84131092,864,254,5762,8.95,1190,0.001,3.8542637825012207
22,0.05,1.8524491699999999,865,255,5769,8.98,1192,0.001,2.369016408920288
22,0.05,1.85649515,866,255,5772,8.99,,,
22,0.05,1.85853915,867,255,5775,9.0,1193,0.001,4.0595703125
22,0.05,1.9521466400000003,868,256,5832,9.55,1207,0.001,1.696344017982483
22,0.05,1.95434214,869,256,5836,9.57,1208,0.001,3.555459976196289
22,0.05,1.95643884,870,257,5839,9.58,1209,0.001,0.9010171294212341
22,0.05,1.95724584,871,257,5844,9.61,1210,0.001,2.6494829654693604
22,0.05,1.96191834,872,257,5848,9.63,1211,0.001,4.285096168518066
22,0.05,1.96297502,873,257,5851,9.64,1212,0.001,4.056890964508057
22,0.05,1.96302798,874,258,5857,9.65,1214,0.001,4.621656894683838
22,0.05,1.96179441,875,258,5860,9.63,,,
22,0.05,1.9735584600000005,876,258,5867,9.67,1216,0.001,2.189314126968384
22,0.05,2.0536521700000003,877,259,5893,9.91,1223,0.001,2.242999315261841
22,0.05,2.0894656300000003,878,259,5907,10.03,1226,0.001,3.3029963970184326
22,0.05,2.0931760600000002,879,259,5910,10.04,1227,0.001,3.0205702781677246
22,0.05,2.0904143400000006,880,260,5911,10.03,,,
22,0.05,2.09443906,881,260,5914,10.04,1228,0.001,3.4235799312591553
22,0.05,2.09839024,882,260,5917,10.05,1229,0.001,2.2615365982055664
22,0.05,2.10042834,883,261,5923,10.09,1230,0.001,5.736175060272217
22,0.05,2.23555935,884,261,5977,10.61,1244,0.001,2.3877360820770264
22,0.05,2.24361262,885,262,5981,10.63,1245,0.001,2.740600824356079
22,0.05,2.2618361300000003,886,262,5989,10.69,1247,0.001,3.7731902599334717
22,0.05,2.3322058300000004,887,262,6012,10.9,1252,0.001,2.741208553314209
22,0.05,2.3344804200000002,888,263,6015,10.91,1253,0.001,5.517138957977295
22,0.05,2.3382602500000003,889,263,6018,10.92,1254,0.001,4.519766807556152
22,0.05,2.3418785500000006,890,263,6021,10.93,1255,0.001,3.021763324737549
22,0.05,2.3264863200000003,891,264,6032,10.86,1257,0.001,3.239899158477783
22,0.05,2.2859790500000003,892,264,6036,10.73,1258,0.001,4.898659706115723
22,0.05,2.28651406,893,264,6040,10.74,1259,0.001,3.007906198501587
22,0.05,2.2861489699999997,894,264,6043,10.74,1260,0.001,4.880561351776123
22,0.05,2.39728935,895,265,6077,11.05,1269,0.001,3.823157548904419
22,0.05,2.4044469299999998,896,265,6082,11.07,1270,0.001,2.435944080352783
22,0.05,2.40823712,897,266,6087,11.09,1271,0.001,2.327266216278076
22,0.05,2.4194407900000003,898,266,6095,11.14,1273,0.001,4.812845230102539
22,0.05,2.1055735100000006,899,266,6099,10.05,1274,0.001,2.7984728813171387
22,0.05,2.00923135,900,266,6103,9.76,1275,0.001,2.658486843109131
23,0.05,2.12272045,901,267,6161,10.31,1290,0.001,6.214087009429932
22,0.05,2.1221193299999994,902,268,6163,10.3,,,
23,0.05,2.17132274,903,268,6187,10.51,1296,0.001,3.0785422325134277
23,0.05,2.18320115,904,268,6193,10.54,1298,0.001,3.5642659664154053
23,0.05,2.18457217,905,269,6197,10.55,1299,0.001,4.330827713012695
23,0.05,2.2063325600000003,906,269,6207,10.62,1301,0.001,3.1761794090270996
23,0.05,2.2466038900000003,907,269,6222,10.74,1305,0.001,5.08282470703125
23,0.05,2.3161884300000004,908,270,6255,11.01,1313,0.001,2.677229881286621
23,0.05,2.3169210500000004,909,270,6258,11.01,1314,0.001,2.3038411140441895
23,0.05,2.29577666,910,271,6261,10.93,1315,0.001,4.128242492675781
23,0.05,2.28475415,911,271,6264,10.89,,,
23,0.05,2.2204950699999997,912,271,6267,10.7,1316,0.001,4.423495292663574
23,0.05,2.0089615199999997,913,271,6275,10.12,1318,0.001,2.8339931964874268
23,0.05,2.0828822999999996,914,272,6307,10.39,1326,0.001,3.807894706726074
23,0.05,2.0465369900000003,915,272,6310,10.27,1327,0.001,3.808712959289551
23,0.05,2.04818993,916,273,6313,10.27,1328,0.001,3.497884511947632
23,0.05,2.14785247,917,274,6377,10.56,1344,0.001,4.262767791748047
23,0.05,2.1207876399999996,918,274,6378,10.47,,,
23,0.05,2.18874964,919,275,6405,10.66,1351,0.001,1.6937448978424072
23,0.05,2.24976917,920,275,6430,10.88,1357,0.001,3.9738316535949707
23,0.05,2.4259991999999997,921,277,6507,11.29,1376,0.001,3.3227014541625977
23,0.05,2.4832577199999997,922,277,6530,11.47,1382,0.001,2.998650312423706
23,0.05,2.73325941,923,278,6623,12.18,1405,0.001,3.5657126903533936
24,0.05,3.09787983,924,280,6751,13.08,1437,0.001,5.520490646362305
24,0.05,3.09726484,925,281,6754,13.08,1438,0.001,1.7312068939208984
24,0.05,3.0986347099999993,926,281,6758,13.09,1439,0.001,3.2040939331054688
24,0.05,3.0962682599999996,927,281,6760,13.08,,,
23,0.05,3.0991638299999993,928,281,6765,13.1,1441,0.001,3.46061372756958
24,0.05,3.1496791599999994,929,282,6782,13.24,1445,0.001,3.096693754196167
24,0.05,3.3877799399999997,930,283,6855,13.94,1463,0.001,3.967183828353882
24,0.05,3.42003299,931,283,6868,14.04,1466,0.001,2.5205917358398438
24,0.05,3.4196523500000002,932,283,6871,14.04,1467,0.001,3.8371989727020264
24,0.05,3.5085828600000006,933,284,6908,14.36,1476,0.001,2.211544990539551
24,0.05,3.5108476800000004,934,285,6912,14.37,1477,0.001,4.339900016784668
24,0.05,3.5146754100000006,935,285,6917,14.39,1479,0.001,4.241625785827637
24,0.05,3.53611364,936,285,6927,14.46,1481,0.001,3.570432186126709
24,0.05,3.53761679,937,286,6933,14.48,1483,0.001,4.127691268920898
24,0.05,3.7063553000000002,938,287,6985,14.96,1496,0.001,2.3141839504241943
24,0.05,3.70840956,939,287,6990,14.97,1497,0.001,3.0585618019104004
24,0.05,3.7089386099999997,940,287,6994,14.98,1498,0.001,3.2178523540496826
24,0.05,3.7004566100000007,941,287,6996,14.94,,,
24,0.05,3.6995914699999997,942,288,7001,14.93,1500,0.001,3.8071694374084473
24,0.05,3.69159382,943,288,7005,14.9,1501,0.001,4.1302995681762695
24,0.05,3.5873143599999997,944,289,7019,14.59,1504,0.001,2.730158805847168
24,0.05,3.58742841,945,289,7022,14.59,1505,0.001,3.231738328933716
24,0.05,3.64434095,946,290,7055,14.89,1513,0.001,3.86967134475708
24,0.05,3.64509952,947,290,7059,14.89,1514,0.001,2.741879940032959
24,0.05,3.6466840899999995,948,290,7063,14.89,1515,0.001,2.544376850128174
24,0.05,3.64499902,949,291,7067,14.89,1516,0.001,3.2899510860443115
24,0.05,3.63475011,950,291,7071,14.85,1517,0.001,3.559082508087158
24,0.05,3.6332468799999997,951,291,7076,14.85,1518,0.001,4.934115409851074
24,0.05,3.61235025,952,292,7081,14.78,1520,0.001,2.4845807552337646
24,0.05,3.61948496,953,292,7099,14.84,1524,0.001,3.611523151397705
24,0.05,3.62574523,954,292,7105,14.87,1526,0.001,2.2135870456695557
24,0.05,3.5717219700000005,955,293,7120,14.73,1529,0.001,2.169672966003418
24,0.05,3.65688244,956,294,7173,14.89,1543,0.001,2.7009479999542236
24,0.05,3.8842685300000004,957,295,7243,15.54,1560,0.001,1.7657465934753418
24,0.05,3.8774565,958,296,7256,15.53,1563,0.001,2.9236907958984375
24,0.05,3.8123574399999995,959,296,7261,15.36,1565,0.001,3.6672401428222656
24,0.05,3.81425705,960,296,7266,15.38,1566,0.001,1.7792795896530151
24,0.05,4.06713048,961,297,7337,16.04,1584,0.001,4.937521934509277
24,0.05,4.11024558,962,298,7375,16.25,1593,0.001,2.386378049850464
24,0.05,4.11178993,963,299,7378,16.22,1594,0.001,3.073730945587158
24,0.05,4.247970920000001,964,300,7421,16.59,1605,0.001,2.814403533935547
24,0.05,4.52728583,965,301,7503,17.34,1625,0.001,3.0332207679748535
24,0.05,4.619502600000001,966,302,7530,17.58,1632,0.001,3.4249322414398193
24,0.05,4.631618820000001,967,303,7537,17.62,1634,0.001,2.9318370819091797
24,0.05,4.541527250000001,968,303,7541,17.09,1635,0.001,1.5722100734710693
24,0.05,4.5437627,969,303,7546,17.1,1636,0.001,3.1062421798706055
24,0.05,4.5463274600000005,970,304,7551,17.12,1637,0.001,4.26135778427124
24,0.05,4.54686649,971,304,7554,17.1,1638,0.001,2.075718402862549
24,0.05,4.58688021,972,305,7580,17.32,1644,0.001,2.9002058506011963
24,0.05,4.78507376,973,306,7645,17.94,1661,0.001,3.5967671871185303
25,0.05,4.89632918,974,307,7688,18.31,1671,0.001,2.364617347717285
25,0.05,4.89761356,975,307,7692,18.32,1672,0.001,3.0010621547698975
25,0.05,4.91540738,976,308,7708,18.41,1676,0.001,2.9895968437194824
25,0.05,4.94568559,977,308,7745,18.52,1686,0.001,2.3853342533111572
25,0.05,4.929244660000001,978,309,7754,18.47,1688,0.001,2.990575075149536
25,0.05,4.9248787400000005,979,309,7756,18.46,,,
25,0.05,4.9666146200000005,980,310,7770,18.59,1692,0.001,3.221693754196167
25,0.05,4.96720891,981,310,7774,18.6,1693,0.001,3.2352614402770996
25,0.05,5.1496590300000005,982,311,7835,19.18,1708,0.001,2.4931020736694336
25,0.05,5.14874464,983,312,7838,19.15,1709,0.001,6.146709442138672
25,0.05,5.01445026,984,312,7841,18.64,1710,0.001,5.67791748046875
25,0.05,5.006043760000001,985,312,7844,18.63,,,
25,0.05,4.98844223,986,313,7847,18.58,1711,0.001,5.251903057098389
25,0.05,4.9194621,987,313,7850,18.38,1712,0.001,4.576381683349609
25,0.05,4.916911229999999,988,313,7853,18.38,1713,0.001,3.632472515106201
25,0.05,4.9147123299999995,989,314,7856,18.38,,,
24,0.05,4.91243798,990,314,7859,18.38,1714,0.001,1.2680552005767822
25,0.05,5.12123206,991,316,7931,18.99,1732,0.001,3.6571638584136963
25,0.05,5.142279650000001,992,316,7944,19.08,1735,0.001,3.7464075088500977
25,0.05,5.1458073,993,316,7948,19.08,1736,0.001,3.2463300228118896
25,0.05,5.25524137,994,317,7987,19.44,1746,0.001,2.537118911743164
25,0.05,5.198765600000001,995,318,8005,19.28,1751,0.001,2.3286430835723877
25,0.05,5.302525630000002,996,319,8041,19.59,1760,0.001,1.3791085481643677
25,0.05,5.456970540000002,997,320,8108,20.21,1776,0.001,4.198906898498535
25,0.05,5.53624129,998,321,8140,20.45,1784,0.001,3.3218557834625244
25,0.05,5.561869220000001,999,321,8153,20.54,1788,0.001,2.335287094116211
25,0.05,5.57707125,1000,321,8164,20.61,1790,0.001,2.602515459060669
25,0.05,5.4801059400000005,1001,322,8173,20.12,1793,0.001,1.9036425352096558
25,0.05,5.519077390000001,1002,322,8189,20.26,1797,0.001,2.160759687423706
25,0.05,5.48146744,1003,323,8196,20.09,1798,0.001,3.5156896114349365
25,0.05,5.7074779,1004,324,8271,20.78,1817,0.001,3.9994964599609375
25,0.05,5.78570629,1005,325,8307,21.1,1826,0.001,4.0372395515441895
25,0.05,6.07321443,1006,327,8410,22.03,1852,0.001,3.4942164421081543
25,0.05,6.038001120000001,1007,327,8417,21.95,1854,0.001,4.527459144592285
25,0.05,5.971878039999999,1008,327,8423,21.68,1855,0.001,3.3620378971099854
25,0.05,5.973768910000001,1009,328,8428,21.7,1856,0.001,3.533024787902832
25,0.05,5.97182889,1010,328,8431,21.7,1857,0.001,2.6369998455047607
25,0.05,6.160242950000001,1011,329,8491,22.27,1872,0.001,2.8949356079101562
25,0.05,6.215253690000001,1012,329,8509,22.42,1877,0.001,2.5253231525421143
25,0.05,6.24196122,1013,330,8528,22.53,1881,0.001,1.6491005420684814
25,0.05,6.313866440000001,1014,331,8588,22.81,1896,0.001,3.9419703483581543
25,0.05,6.31326822,1015,331,8591,22.81,1897,0.001,2.281479597091675
25,0.05,6.31477872,1016,332,8594,22.81,1898,0.001,1.585269808769226
25,0.05,6.1352956899999995,1017,332,8606,22.29,1901,0.001,1.8409841060638428
25,0.05,6.401510219999999,1018,333,8673,22.95,1918,0.001,3.3654088973999023
25,0.05,6.317677409999999,1019,334,8676,22.71,,,
26,0.05,6.327158619999999,1020,334,8709,22.79,1927,0.001,1.6065213680267334
26,0.05,6.095767579999998,1021,335,8723,22.16,1930,0.001,3.3795371055603027
26,0.05,6.06164217,1022,335,8734,22.04,1933,0.001,2.237016201019287
26,0.05,5.78775956,1023,336,8747,21.24,1936,0.001,3.215938091278076
26,0.05,5.305680290000001,1024,336,8751,20.0,1937,0.001,2.906984806060791
26,0.05,5.3264590400000005,1025,336,8764,20.1,1940,0.001,3.240863561630249
26,0.05,5.32788425,1026,337,8771,20.13,1942,0.001,3.1740710735321045
26,0.05,5.358453089999999,1027,337,8783,20.23,1945,0.001,1.9853639602661133
26,0.05,5.39399861,1028,337,8800,20.35,1949,0.001,2.982790470123291
26,0.05,5.351379529999999,1029,338,8809,20.27,1952,0.001,2.9494590759277344
26,0.05,5.16769477,1030,338,8829,19.74,1957,0.001,2.905989170074463
26,0.05,5.19475621,1031,339,8850,19.82,1962,0.001,2.010629177093506
26,0.05,5.20682306,1032,339,8856,19.85,1963,0.001,4.076871395111084
26,0.05,5.219788640000001,1033,340,8891,19.83,1972,0.001,3.1024091243743896
26,0.05,5.21918534,1034,340,8894,19.82,1973,0.001,2.8098342418670654
26,0.05,5.21700647,1035,340,8897,19.8,1974,0.001,2.004610061645508
26,0.05,5.19766304,1036,341,8900,19.73,,,
26,0.05,5.19586971,1037,341,8904,19.71,1975,0.001,3.5768837928771973
26,0.05,5.02941181,1038,341,8908,19.23,1976,0.001,2.4175806045532227
26,0.05,5.026821010000001,1039,342,8912,19.22,1977,0.001,4.341935157775879
26,0.05,5.027180950000001,1040,342,8915,19.21,1978,0.001,2.899785041809082
26,0.05,5.03164542,1041,342,8918,19.22,1979,0.001,2.6341958045959473
26,0.05,5.0273201599999995,1042,343,8921,19.2,1980,0.001,1.8619771003723145
25,0.05,5.02734831,1043,343,8924,19.19,,,
26,0.05,5.057184530000001,1044,343,8949,19.3,1987,0.001,2.792008399963379
26,0.05,5.2872863699999995,1045,345,9022,20.0,2005,0.001,2.9715521335601807
26,0.05,5.277320120000001,1046,346,9039,19.84,2009,0.001,2.891401767730713
26,0.05,5.4651190199999995,1047,347,9118,20.59,2029,0.001,2.748551368713379
26,0.05,5.462931169999999,1048,347,9123,20.6,2030,0.001,0.830127477645874
26,0.05,5.480455229999999,1049,348,9135,20.68,2033,0.001,4.287764549255371
26,0.05,5.82080104,1050,350,9269,21.98,2067,0.001,2.7525393962860107
26,0.05,5.94851143,1051,351,9314,22.38,2078,0.001,2.4311599731445312
26,0.05,6.047449650000001,1052,352,9348,22.67,2086,0.001,4.47003173828125
26,0.05,6.082251590000001,1053,352,9375,22.76,2093,0.001,2.773510217666626
26,0.05,6.2150795500000005,1054,353,9422,23.17,2105,0.001,2.247206211090088
26,0.05,6.19170566,1055,354,9427,23.07,2106,0.001,2.6516599655151367
26,0.05,6.170831369999999,1056,355,9474,23.01,2118,0.001,4.03883695602417
26,0.05,5.988769179999999,1057,355,9491,22.48,2122,0.001,2.8479418754577637
26,0.05,5.968157459999999,1058,356,9498,22.42,2124,0.001,4.800644397735596
26,0.05,5.96481459,1059,356,9501,22.4,2125,0.001,3.340174674987793
26,0.05,5.9842232,1060,357,9515,22.49,2128,0.001,2.7546226978302
26,0.05,5.780161329999999,1061,357,9535,21.98,2133,0.001,4.289329528808594
26,0.05,5.71944192,1062,358,9555,21.8,2138,0.001,2.716479778289795
26,0.05,5.92981737,1063,359,9619,22.41,2154,0.001,2.4328742027282715
26,0.05,5.794466320000001,1064,360,9623,22.02,2155,0.001,2.0204169750213623
26,0.05,5.55126268,1065,360,9639,21.36,2159,0.001,4.305163383483887
26,0.05,5.70201303,1066,362,9715,21.85,2178,0.001,2.2689549922943115
27,0.05,6.3058885899999995,1067,364,9882,23.45,2220,0.001,2.1865785121917725
27,0.05,6.493901239999999,1068,365,9942,24.01,2235,0.001,2.2010746002197266
27,0.05,6.5222032799999985,1069,366,9957,24.11,2239,0.001,3.054779529571533
27,0.05,6.519026179999998,1070,366,9960,24.09,,,
27,0.05,6.56385812,1071,366,9977,24.23,2244,0.001,1.192720651626587
27,0.05,6.530286509999999,1072,367,9983,24.03,2245,0.001,0.9873161315917969
27,0.05,6.33401937,1073,367,9986,23.41,2246,0.001,1.7606110572814941
27,0.05,6.2252975500000005,1074,367,9994,23.06,2248,0.001,1.6962881088256836
